race_id,driver,stint,compound,track,start_lap,end_lap,stint_length,avg_lap_time
2024_01_Bahrain_Grand_Prix,ALB,1.0,SOFT,Bahrain Grand Prix,1.0,15.0,15,99.2468
2024_01_Bahrain_Grand_Prix,ALB,2.0,HARD,Bahrain Grand Prix,16.0,36.0,21,99.08761904761906
2024_01_Bahrain_Grand_Prix,ALB,3.0,HARD,Bahrain Grand Prix,37.0,56.0,20,97.3543
2024_01_Bahrain_Grand_Prix,ALO,1.0,SOFT,Bahrain Grand Prix,1.0,15.0,15,98.90633333333334
2024_01_Bahrain_Grand_Prix,ALO,2.0,HARD,Bahrain Grand Prix,16.0,41.0,26,98.24034615384615
2024_01_Bahrain_Grand_Prix,ALO,3.0,HARD,Bahrain Grand Prix,42.0,57.0,16,96.3615625
2024_01_Bahrain_Grand_Prix,BOT,1.0,SOFT,Bahrain Grand Prix,1.0,12.0,12,100.17158333333333
2024_01_Bahrain_Grand_Prix,BOT,2.0,HARD,Bahrain Grand Prix,13.0,30.0,18,99.42894444444444
2024_01_Bahrain_Grand_Prix,BOT,3.0,HARD,Bahrain Grand Prix,32.0,56.0,25,97.03703999999999
2024_01_Bahrain_Grand_Prix,GAS,1.0,SOFT,Bahrain Grand Prix,1.0,12.0,12,99.84724999999999
2024_01_Bahrain_Grand_Prix,GAS,2.0,HARD,Bahrain Grand Prix,13.0,31.0,19,99.59847368421052
2024_01_Bahrain_Grand_Prix,GAS,3.0,HARD,Bahrain Grand Prix,32.0,43.0,12,98.70583333333333
2024_01_Bahrain_Grand_Prix,GAS,4.0,SOFT,Bahrain Grand Prix,44.0,56.0,13,97.08853846153846
2024_01_Bahrain_Grand_Prix,HAM,1.0,SOFT,Bahrain Grand Prix,1.0,12.0,12,98.86541666666666
2024_01_Bahrain_Grand_Prix,HAM,2.0,HARD,Bahrain Grand Prix,13.0,33.0,21,98.05595238095239
2024_01_Bahrain_Grand_Prix,HAM,3.0,HARD,Bahrain Grand Prix,34.0,57.0,24,96.22941666666667
2024_01_Bahrain_Grand_Prix,HUL,1.0,SOFT,Bahrain Grand Prix,1.0,1.0,1,113.555
2024_01_Bahrain_Grand_Prix,HUL,2.0,HARD,Bahrain Grand Prix,2.0,20.0,19,99.71515789473683
2024_01_Bahrain_Grand_Prix,HUL,3.0,HARD,Bahrain Grand Prix,21.0,41.0,21,98.15328571428572
2024_01_Bahrain_Grand_Prix,HUL,4.0,SOFT,Bahrain Grand Prix,42.0,56.0,15,96.86746666666666
2024_01_Bahrain_Grand_Prix,LEC,1.0,SOFT,Bahrain Grand Prix,1.0,11.0,11,98.31072727272726
2024_01_Bahrain_Grand_Prix,LEC,2.0,HARD,Bahrain Grand Prix,12.0,34.0,23,97.9104347826087
2024_01_Bahrain_Grand_Prix,LEC,3.0,HARD,Bahrain Grand Prix,35.0,57.0,23,96.13273913043477
2024_01_Bahrain_Grand_Prix,MAG,1.0,SOFT,Bahrain Grand Prix,1.0,11.0,11,99.56245454545454
2024_01_Bahrain_Grand_Prix,MAG,2.0,HARD,Bahrain Grand Prix,12.0,32.0,21,99.12776190476191
2024_01_Bahrain_Grand_Prix,MAG,3.0,HARD,Bahrain Grand Prix,33.0,56.0,24,97.34116666666667
2024_01_Bahrain_Grand_Prix,NOR,1.0,SOFT,Bahrain Grand Prix,1.0,13.0,13,98.4606153846154
2024_01_Bahrain_Grand_Prix,NOR,2.0,HARD,Bahrain Grand Prix,14.0,33.0,20,97.9601
2024_01_Bahrain_Grand_Prix,NOR,3.0,HARD,Bahrain Grand Prix,34.0,57.0,24,96.41708333333332
2024_01_Bahrain_Grand_Prix,OCO,1.0,SOFT,Bahrain Grand Prix,1.0,10.0,10,100.0189
2024_01_Bahrain_Grand_Prix,OCO,2.0,HARD,Bahrain Grand Prix,11.0,30.0,20,99.47485
2024_01_Bahrain_Grand_Prix,OCO,3.0,HARD,Bahrain Grand Prix,31.0,56.0,26,97.94253846153846
2024_01_Bahrain_Grand_Prix,PER,1.0,SOFT,Bahrain Grand Prix,1.0,12.0,12,98.03983333333333
2024_01_Bahrain_Grand_Prix,PER,2.0,HARD,Bahrain Grand Prix,13.0,36.0,24,97.29870833333332
2024_01_Bahrain_Grand_Prix,PER,3.0,SOFT,Bahrain Grand Prix,37.0,57.0,21,95.97866666666667
2024_01_Bahrain_Grand_Prix,PIA,1.0,SOFT,Bahrain Grand Prix,1.0,12.0,12,98.67658333333333
2024_01_Bahrain_Grand_Prix,PIA,2.0,HARD,Bahrain Grand Prix,13.0,34.0,22,97.99377272727271
2024_01_Bahrain_Grand_Prix,PIA,3.0,HARD,Bahrain Grand Prix,35.0,57.0,23,96.55834782608696
2024_01_Bahrain_Grand_Prix,RIC,1.0,SOFT,Bahrain Grand Prix,1.0,13.0,13,99.76007692307692
2024_01_Bahrain_Grand_Prix,RIC,2.0,HARD,Bahrain Grand Prix,14.0,35.0,22,98.94754545454545
2024_01_Bahrain_Grand_Prix,RIC,3.0,SOFT,Bahrain Grand Prix,36.0,56.0,21,97.14157142857142
2024_01_Bahrain_Grand_Prix,RUS,1.0,SOFT,Bahrain Grand Prix,1.0,11.0,11,97.98890909090909
2024_01_Bahrain_Grand_Prix,RUS,2.0,HARD,Bahrain Grand Prix,12.0,31.0,20,98.1692
2024_01_Bahrain_Grand_Prix,RUS,3.0,HARD,Bahrain Grand Prix,32.0,57.0,26,96.54876923076924
2024_01_Bahrain_Grand_Prix,SAI,1.0,SOFT,Bahrain Grand Prix,1.0,14.0,14,98.02542857142858
2024_01_Bahrain_Grand_Prix,SAI,2.0,HARD,Bahrain Grand Prix,15.0,35.0,21,97.41861904761905
2024_01_Bahrain_Grand_Prix,SAI,3.0,HARD,Bahrain Grand Prix,36.0,57.0,22,95.9865909090909
2024_01_Bahrain_Grand_Prix,SAR,1.0,SOFT,Bahrain Grand Prix,1.0,9.0,9,99.69422222222222
2024_01_Bahrain_Grand_Prix,SAR,2.0,HARD,Bahrain Grand Prix,11.0,28.0,18,100.7956111111111
2024_01_Bahrain_Grand_Prix,SAR,3.0,HARD,Bahrain Grand Prix,29.0,40.0,12,99.01258333333334
2024_01_Bahrain_Grand_Prix,SAR,4.0,SOFT,Bahrain Grand Prix,41.0,55.0,15,97.59713333333333
2024_01_Bahrain_Grand_Prix,STR,1.0,SOFT,Bahrain Grand Prix,1.0,9.0,9,100.24799999999999
2024_01_Bahrain_Grand_Prix,STR,2.0,HARD,Bahrain Grand Prix,10.0,27.0,18,99.03122222222221
2024_01_Bahrain_Grand_Prix,STR,3.0,HARD,Bahrain Grand Prix,28.0,57.0,30,97.10546666666666
2024_01_Bahrain_Grand_Prix,TSU,1.0,SOFT,Bahrain Grand Prix,1.0,14.0,14,99.10757142857143
2024_01_Bahrain_Grand_Prix,TSU,2.0,HARD,Bahrain Grand Prix,15.0,34.0,20,98.9542
2024_01_Bahrain_Grand_Prix,TSU,3.0,HARD,Bahrain Grand Prix,35.0,56.0,22,97.61972727272727
2024_01_Bahrain_Grand_Prix,VER,1.0,SOFT,Bahrain Grand Prix,1.0,17.0,17,97.16229411764706
2024_01_Bahrain_Grand_Prix,VER,2.0,HARD,Bahrain Grand Prix,18.0,37.0,20,96.87635
2024_01_Bahrain_Grand_Prix,VER,3.0,SOFT,Bahrain Grand Prix,38.0,57.0,20,95.7728
2024_01_Bahrain_Grand_Prix,ZHO,1.0,SOFT,Bahrain Grand Prix,1.0,9.0,9,99.8921111111111
2024_01_Bahrain_Grand_Prix,ZHO,2.0,HARD,Bahrain Grand Prix,10.0,28.0,19,98.9621052631579
2024_01_Bahrain_Grand_Prix,ZHO,3.0,HARD,Bahrain Grand Prix,29.0,56.0,28,97.57828571428571
2024_02_Saudi_Arabian_Grand_Prix,ALB,1.0,MEDIUM,Saudi Arabian Grand Prix,1.0,7.0,7,102.27114285714286
2024_02_Saudi_Arabian_Grand_Prix,ALB,2.0,HARD,Saudi Arabian Grand Prix,9.0,50.0,42,96.08919047619048
2024_02_Saudi_Arabian_Grand_Prix,ALO,1.0,MEDIUM,Saudi Arabian Grand Prix,1.0,7.0,7,99.89871428571428
2024_02_Saudi_Arabian_Grand_Prix,ALO,2.0,HARD,Saudi Arabian Grand Prix,10.0,50.0,41,93.64587804878049
2024_02_Saudi_Arabian_Grand_Prix,BEA,1.0,SOFT,Saudi Arabian Grand Prix,1.0,7.0,7,102.0112857142857
2024_02_Saudi_Arabian_Grand_Prix,BEA,2.0,HARD,Saudi Arabian Grand Prix,9.0,50.0,42,95.05440476190476
2024_02_Saudi_Arabian_Grand_Prix,BOT,1.0,SOFT,Saudi Arabian Grand Prix,1.0,7.0,7,103.25185714285715
2024_02_Saudi_Arabian_Grand_Prix,BOT,2.0,HARD,Saudi Arabian Grand Prix,9.0,35.0,27,97.81551851851853
2024_02_Saudi_Arabian_Grand_Prix,BOT,3.0,SOFT,Saudi Arabian Grand Prix,36.0,49.0,14,94.66242857142856
2024_02_Saudi_Arabian_Grand_Prix,GAS,1.0,MEDIUM,Saudi Arabian Grand Prix,1.0,1.0,1,121.453
2024_02_Saudi_Arabian_Grand_Prix,HAM,1.0,MEDIUM,Saudi Arabian Grand Prix,1.0,36.0,34,95.53029411764706
2024_02_Saudi_Arabian_Grand_Prix,HAM,2.0,SOFT,Saudi Arabian Grand Prix,37.0,50.0,14,93.55799999999999
2024_02_Saudi_Arabian_Grand_Prix,HUL,1.0,MEDIUM,Saudi Arabian Grand Prix,1.0,33.0,31,96.78229032258065
2024_02_Saudi_Arabian_Grand_Prix,HUL,2.0,HARD,Saudi Arabian Grand Prix,34.0,50.0,17,93.90888235294118
2024_02_Saudi_Arabian_Grand_Prix,LEC,1.0,MEDIUM,Saudi Arabian Grand Prix,1.0,7.0,7,99.15414285714284
2024_02_Saudi_Arabian_Grand_Prix,LEC,2.0,HARD,Saudi Arabian Grand Prix,10.0,50.0,41,93.23851219512196
2024_02_Saudi_Arabian_Grand_Prix,MAG,1.0,MEDIUM,Saudi Arabian Grand Prix,1.0,7.0,7,102.16757142857143
2024_02_Saudi_Arabian_Grand_Prix,MAG,2.0,HARD,Saudi Arabian Grand Prix,9.0,50.0,42,96.04309523809523
2024_02_Saudi_Arabian_Grand_Prix,NOR,1.0,MEDIUM,Saudi Arabian Grand Prix,1.0,37.0,35,95.28517142857143
2024_02_Saudi_Arabian_Grand_Prix,NOR,2.0,SOFT,Saudi Arabian Grand Prix,38.0,50.0,13,93.708
2024_02_Saudi_Arabian_Grand_Prix,OCO,1.0,MEDIUM,Saudi Arabian Grand Prix,1.0,7.0,7,103.07914285714286
2024_02_Saudi_Arabian_Grand_Prix,OCO,2.0,HARD,Saudi Arabian Grand Prix,9.0,49.0,41,96.32565853658537
2024_02_Saudi_Arabian_Grand_Prix,PER,1.0,MEDIUM,Saudi Arabian Grand Prix,1.0,7.0,7,98.91142857142857
2024_02_Saudi_Arabian_Grand_Prix,PER,2.0,HARD,Saudi Arabian Grand Prix,10.0,50.0,41,93.00660975609756
2024_02_Saudi_Arabian_Grand_Prix,PIA,1.0,MEDIUM,Saudi Arabian Grand Prix,1.0,7.0,7,99.77728571428572
2024_02_Saudi_Arabian_Grand_Prix,PIA,2.0,HARD,Saudi Arabian Grand Prix,10.0,50.0,41,93.56263414634147
2024_02_Saudi_Arabian_Grand_Prix,RIC,1.0,MEDIUM,Saudi Arabian Grand Prix,1.0,7.0,7,102.77442857142857
2024_02_Saudi_Arabian_Grand_Prix,RIC,2.0,HARD,Saudi Arabian Grand Prix,9.0,49.0,41,96.36231707317073
2024_02_Saudi_Arabian_Grand_Prix,RUS,1.0,MEDIUM,Saudi Arabian Grand Prix,1.0,7.0,7,100.70042857142857
2024_02_Saudi_Arabian_Grand_Prix,RUS,2.0,HARD,Saudi Arabian Grand Prix,10.0,50.0,41,93.73780487804878
2024_02_Saudi_Arabian_Grand_Prix,SAR,1.0,MEDIUM,Saudi Arabian Grand Prix,1.0,7.0,7,103.43571428571428
2024_02_Saudi_Arabian_Grand_Prix,SAR,2.0,HARD,Saudi Arabian Grand Prix,9.0,49.0,41,96.31024390243903
2024_02_Saudi_Arabian_Grand_Prix,STR,1.0,MEDIUM,Saudi Arabian Grand Prix,1.0,5.0,5,97.1216
2024_02_Saudi_Arabian_Grand_Prix,TSU,1.0,MEDIUM,Saudi Arabian Grand Prix,1.0,7.0,7,101.89471428571429
2024_02_Saudi_Arabian_Grand_Prix,TSU,2.0,HARD,Saudi Arabian Grand Prix,9.0,49.0,41,96.48734146341464
2024_02_Saudi_Arabian_Grand_Prix,VER,1.0,MEDIUM,Saudi Arabian Grand Prix,1.0,7.0,7,98.29385714285715
2024_02_Saudi_Arabian_Grand_Prix,VER,2.0,HARD,Saudi Arabian Grand Prix,10.0,50.0,41,92.80824390243902
2024_02_Saudi_Arabian_Grand_Prix,ZHO,1.0,MEDIUM,Saudi Arabian Grand Prix,1.0,41.0,40,97.980275
2024_02_Saudi_Arabian_Grand_Prix,ZHO,2.0,SOFT,Saudi Arabian Grand Prix,42.0,49.0,8,98.3895
2024_03_Australian_Grand_Prix,ALB,1.0,MEDIUM,Australian Grand Prix,1.0,6.0,6,88.18483333333334
2024_03_Australian_Grand_Prix,ALB,2.0,HARD,Australian Grand Prix,7.0,27.0,21,85.22995238095238
2024_03_Australian_Grand_Prix,ALB,3.0,HARD,Australian Grand Prix,28.0,57.0,30,83.7638
2024_03_Australian_Grand_Prix,ALO,1.0,HARD,Australian Grand Prix,1.0,17.0,17,85.3520588235294
2024_03_Australian_Grand_Prix,ALO,2.0,MEDIUM,Australian Grand Prix,18.0,41.0,24,83.77158333333334
2024_03_Australian_Grand_Prix,ALO,3.0,HARD,Australian Grand Prix,42.0,58.0,17,85.07835294117646
2024_03_Australian_Grand_Prix,BOT,1.0,MEDIUM,Australian Grand Prix,1.0,8.0,8,90.393625
2024_03_Australian_Grand_Prix,BOT,2.0,HARD,Australian Grand Prix,9.0,36.0,28,84.70010714285715
2024_03_Australian_Grand_Prix,BOT,3.0,HARD,Australian Grand Prix,37.0,57.0,21,84.49604761904762
2024_03_Australian_Grand_Prix,GAS,1.0,MEDIUM,Australian Grand Prix,1.0,17.0,17,86.96358823529413
2024_03_Australian_Grand_Prix,GAS,2.0,HARD,Australian Grand Prix,18.0,41.0,24,84.42770833333334
2024_03_Australian_Grand_Prix,GAS,3.0,HARD,Australian Grand Prix,42.0,57.0,16,84.884375
2024_03_Australian_Grand_Prix,HAM,1.0,SOFT,Australian Grand Prix,1.0,7.0,7,86.83257142857143
2024_03_Australian_Grand_Prix,HAM,2.0,HARD,Australian Grand Prix,8.0,15.0,8,83.82475
2024_03_Australian_Grand_Prix,HUL,1.0,HARD,Australian Grand Prix,1.0,17.0,17,86.65299999999999
2024_03_Australian_Grand_Prix,HUL,2.0,MEDIUM,Australian Grand Prix,18.0,35.0,18,83.96994444444445
2024_03_Australian_Grand_Prix,HUL,3.0,HARD,Australian Grand Prix,36.0,58.0,23,84.64504347826087
2024_03_Australian_Grand_Prix,LEC,1.0,MEDIUM,Australian Grand Prix,1.0,9.0,9,85.093
2024_03_Australian_Grand_Prix,LEC,2.0,HARD,Australian Grand Prix,10.0,34.0,25,83.69951999999999
2024_03_Australian_Grand_Prix,LEC,3.0,HARD,Australian Grand Prix,35.0,58.0,24,82.12016666666666
2024_03_Australian_Grand_Prix,MAG,1.0,MEDIUM,Australian Grand Prix,1.0,7.0,7,87.52414285714285
2024_03_Australian_Grand_Prix,MAG,2.0,HARD,Australian Grand Prix,8.0,33.0,26,84.98634615384616
2024_03_Australian_Grand_Prix,MAG,3.0,HARD,Australian Grand Prix,34.0,57.0,24,83.69208333333333
2024_03_Australian_Grand_Prix,NOR,1.0,MEDIUM,Australian Grand Prix,1.0,14.0,14,84.38192857142857
2024_03_Australian_Grand_Prix,NOR,2.0,HARD,Australian Grand Prix,15.0,40.0,26,83.4166923076923
2024_03_Australian_Grand_Prix,NOR,3.0,HARD,Australian Grand Prix,41.0,58.0,18,82.36477777777777
2024_03_Australian_Grand_Prix,OCO,1.0,MEDIUM,Australian Grand Prix,1.0,9.0,9,86.65166666666667
2024_03_Australian_Grand_Prix,OCO,2.0,HARD,Australian Grand Prix,10.0,16.0,7,87.92728571428572
2024_03_Australian_Grand_Prix,OCO,3.0,HARD,Australian Grand Prix,17.0,42.0,26,84.62092307692309
2024_03_Australian_Grand_Prix,OCO,4.0,HARD,Australian Grand Prix,43.0,57.0,15,85.68813333333333
2024_03_Australian_Grand_Prix,PER,1.0,MEDIUM,Australian Grand Prix,1.0,14.0,14,84.946
2024_03_Australian_Grand_Prix,PER,2.0,HARD,Australian Grand Prix,15.0,35.0,21,84.40509523809524
2024_03_Australian_Grand_Prix,PER,3.0,HARD,Australian Grand Prix,36.0,58.0,23,83.53917391304348
2024_03_Australian_Grand_Prix,PIA,1.0,MEDIUM,Australian Grand Prix,1.0,9.0,9,85.236
2024_03_Australian_Grand_Prix,PIA,2.0,HARD,Australian Grand Prix,10.0,39.0,30,83.66566666666667
2024_03_Australian_Grand_Prix,PIA,3.0,HARD,Australian Grand Prix,40.0,58.0,19,83.44836842105263
2024_03_Australian_Grand_Prix,RIC,1.0,SOFT,Australian Grand Prix,1.0,5.0,5,89.8424
2024_03_Australian_Grand_Prix,RIC,2.0,HARD,Australian Grand Prix,6.0,29.0,24,85.15075
2024_03_Australian_Grand_Prix,RIC,3.0,HARD,Australian Grand Prix,30.0,57.0,28,83.76860714285715
2024_03_Australian_Grand_Prix,RUS,1.0,MEDIUM,Australian Grand Prix,1.0,8.0,8,85.98
2024_03_Australian_Grand_Prix,RUS,2.0,HARD,Australian Grand Prix,9.0,45.0,37,83.87721621621621
2024_03_Australian_Grand_Prix,RUS,3.0,HARD,Australian Grand Prix,46.0,56.0,11,81.22154545454545
2024_03_Australian_Grand_Prix,SAI,1.0,MEDIUM,Australian Grand Prix,1.0,16.0,16,83.6141875
2024_03_Australian_Grand_Prix,SAI,2.0,HARD,Australian Grand Prix,17.0,41.0,25,83.32628000000001
2024_03_Australian_Grand_Prix,SAI,3.0,HARD,Australian Grand Prix,42.0,58.0,17,82.69758823529412
2024_03_Australian_Grand_Prix,STR,1.0,MEDIUM,Australian Grand Prix,1.0,8.0,8,86.222625
2024_03_Australian_Grand_Prix,STR,2.0,HARD,Australian Grand Prix,9.0,37.0,29,84.60737931034483
2024_03_Australian_Grand_Prix,STR,3.0,HARD,Australian Grand Prix,38.0,58.0,21,84.60333333333334
2024_03_Australian_Grand_Prix,TSU,1.0,MEDIUM,Australian Grand Prix,1.0,9.0,9,86.10655555555556
2024_03_Australian_Grand_Prix,TSU,2.0,HARD,Australian Grand Prix,10.0,36.0,27,84.71925925925926
2024_03_Australian_Grand_Prix,TSU,3.0,HARD,Australian Grand Prix,37.0,58.0,22,84.54840909090909
2024_03_Australian_Grand_Prix,VER,1.0,MEDIUM,Australian Grand Prix,1.0,3.0,3,84.89066666666666
2024_03_Australian_Grand_Prix,ZHO,1.0,SOFT,Australian Grand Prix,1.0,6.0,6,89.00533333333334
2024_03_Australian_Grand_Prix,ZHO,2.0,HARD,Australian Grand Prix,7.0,35.0,29,85.49896551724137
2024_03_Australian_Grand_Prix,ZHO,3.0,HARD,Australian Grand Prix,36.0,57.0,22,84.43790909090909
2024_04_Japanese_Grand_Prix,ALO,1.0,SOFT,Japanese Grand Prix,1.0,1.0,1,140.526
2024_04_Japanese_Grand_Prix,ALO,2.0,SOFT,Japanese Grand Prix,4.0,13.0,10,98.5678
2024_04_Japanese_Grand_Prix,ALO,3.0,MEDIUM,Japanese Grand Prix,14.0,33.0,20,98.4781
2024_04_Japanese_Grand_Prix,ALO,4.0,HARD,Japanese Grand Prix,34.0,53.0,20,96.74195
2024_04_Japanese_Grand_Prix,BOT,1.0,SOFT,Japanese Grand Prix,1.0,1.0,1,164.736
2024_04_Japanese_Grand_Prix,BOT,2.0,SOFT,Japanese Grand Prix,3.0,6.0,4,112.005
2024_04_Japanese_Grand_Prix,BOT,3.0,HARD,Japanese Grand Prix,7.0,22.0,16,100.1405
2024_04_Japanese_Grand_Prix,BOT,4.0,HARD,Japanese Grand Prix,23.0,52.0,30,98.62923333333333
2024_04_Japanese_Grand_Prix,GAS,1.0,SOFT,Japanese Grand Prix,1.0,1.0,1,173.223
2024_04_Japanese_Grand_Prix,GAS,2.0,HARD,Japanese Grand Prix,3.0,16.0,14,103.81171428571429
2024_04_Japanese_Grand_Prix,GAS,3.0,MEDIUM,Japanese Grand Prix,17.0,32.0,16,100.2956875
2024_04_Japanese_Grand_Prix,GAS,4.0,HARD,Japanese Grand Prix,33.0,52.0,20,98.7794
2024_04_Japanese_Grand_Prix,HAM,1.0,MEDIUM,Japanese Grand Prix,1.0,1.0,1,152.716
2024_04_Japanese_Grand_Prix,HAM,2.0,HARD,Japanese Grand Prix,4.0,23.0,20,99.07345000000001
2024_04_Japanese_Grand_Prix,HAM,3.0,HARD,Japanese Grand Prix,24.0,39.0,16,97.733375
2024_04_Japanese_Grand_Prix,HAM,4.0,MEDIUM,Japanese Grand Prix,40.0,53.0,14,96.22478571428572
2024_04_Japanese_Grand_Prix,HUL,1.0,SOFT,Japanese Grand Prix,1.0,1.0,1,162.853
2024_04_Japanese_Grand_Prix,HUL,2.0,SOFT,Japanese Grand Prix,4.0,5.0,2,100.9325
2024_04_Japanese_Grand_Prix,HUL,3.0,HARD,Japanese Grand Prix,6.0,33.0,28,99.84621428571428
2024_04_Japanese_Grand_Prix,HUL,4.0,HARD,Japanese Grand Prix,34.0,52.0,19,97.30052631578947
2024_04_Japanese_Grand_Prix,LEC,1.0,MEDIUM,Japanese Grand Prix,1.0,1.0,1,154.543
2024_04_Japanese_Grand_Prix,LEC,2.0,MEDIUM,Japanese Grand Prix,4.0,26.0,23,98.35382608695652
2024_04_Japanese_Grand_Prix,LEC,3.0,HARD,Japanese Grand Prix,27.0,53.0,27,96.61985185185185
2024_04_Japanese_Grand_Prix,MAG,1.0,MEDIUM,Japanese Grand Prix,1.0,1.0,1,185.172
2024_04_Japanese_Grand_Prix,MAG,2.0,MEDIUM,Japanese Grand Prix,3.0,22.0,20,101.61025
2024_04_Japanese_Grand_Prix,MAG,3.0,HARD,Japanese Grand Prix,23.0,52.0,30,98.61823333333334
2024_04_Japanese_Grand_Prix,NOR,1.0,MEDIUM,Japanese Grand Prix,1.0,1.0,1,134.751
2024_04_Japanese_Grand_Prix,NOR,2.0,MEDIUM,Japanese Grand Prix,4.0,11.0,8,98.0075
2024_04_Japanese_Grand_Prix,NOR,3.0,HARD,Japanese Grand Prix,12.0,26.0,15,98.76186666666666
2024_04_Japanese_Grand_Prix,NOR,4.0,HARD,Japanese Grand Prix,27.0,53.0,27,96.70711111111112
2024_04_Japanese_Grand_Prix,OCO,1.0,SOFT,Japanese Grand Prix,1.0,1.0,1,170.167
2024_04_Japanese_Grand_Prix,OCO,2.0,HARD,Japanese Grand Prix,3.0,19.0,17,102.90458823529411
2024_04_Japanese_Grand_Prix,OCO,3.0,HARD,Japanese Grand Prix,20.0,33.0,14,100.16085714285714
2024_04_Japanese_Grand_Prix,OCO,4.0,MEDIUM,Japanese Grand Prix,34.0,52.0,19,98.49010526315789
2024_04_Japanese_Grand_Prix,PER,1.0,MEDIUM,Japanese Grand Prix,1.0,1.0,1,132.767
2024_04_Japanese_Grand_Prix,PER,2.0,MEDIUM,Japanese Grand Prix,4.0,15.0,12,97.91950000000001
2024_04_Japanese_Grand_Prix,PER,3.0,MEDIUM,Japanese Grand Prix,16.0,33.0,18,98.15905555555555
2024_04_Japanese_Grand_Prix,PER,4.0,HARD,Japanese Grand Prix,34.0,53.0,20,95.92125
2024_04_Japanese_Grand_Prix,PIA,1.0,MEDIUM,Japanese Grand Prix,1.0,1.0,1,144.356
2024_04_Japanese_Grand_Prix,PIA,2.0,MEDIUM,Japanese Grand Prix,4.0,12.0,9,98.63977777777778
2024_04_Japanese_Grand_Prix,PIA,3.0,HARD,Japanese Grand Prix,13.0,32.0,20,98.65745
2024_04_Japanese_Grand_Prix,PIA,4.0,HARD,Japanese Grand Prix,33.0,53.0,21,96.7402380952381
2024_04_Japanese_Grand_Prix,RUS,1.0,MEDIUM,Japanese Grand Prix,1.0,1.0,1,159.587
2024_04_Japanese_Grand_Prix,RUS,2.0,HARD,Japanese Grand Prix,4.0,22.0,19,98.82973684210526
2024_04_Japanese_Grand_Prix,RUS,3.0,HARD,Japanese Grand Prix,23.0,37.0,15,97.904
2024_04_Japanese_Grand_Prix,RUS,4.0,MEDIUM,Japanese Grand Prix,38.0,53.0,16,96.37575
2024_04_Japanese_Grand_Prix,SAI,1.0,MEDIUM,Japanese Grand Prix,1.0,1.0,1,137.613
2024_04_Japanese_Grand_Prix,SAI,2.0,MEDIUM,Japanese Grand Prix,4.0,15.0,12,98.12
2024_04_Japanese_Grand_Prix,SAI,3.0,MEDIUM,Japanese Grand Prix,16.0,36.0,21,98.05523809523808
2024_04_Japanese_Grand_Prix,SAI,4.0,HARD,Japanese Grand Prix,37.0,53.0,17,95.92229411764707
2024_04_Japanese_Grand_Prix,SAR,1.0,SOFT,Japanese Grand Prix,1.0,1.0,1,188.456
2024_04_Japanese_Grand_Prix,SAR,2.0,HARD,Japanese Grand Prix,3.0,22.0,20,101.5673
2024_04_Japanese_Grand_Prix,SAR,3.0,HARD,Japanese Grand Prix,23.0,34.0,12,99.98958333333333
2024_04_Japanese_Grand_Prix,SAR,4.0,MEDIUM,Japanese Grand Prix,35.0,41.0,7,105.74914285714286
2024_04_Japanese_Grand_Prix,SAR,5.0,SOFT,Japanese Grand Prix,42.0,52.0,11,97.44372727272729
2024_04_Japanese_Grand_Prix,STR,1.0,SOFT,Japanese Grand Prix,1.0,1.0,1,179.595
2024_04_Japanese_Grand_Prix,STR,2.0,SOFT,Japanese Grand Prix,3.0,12.0,10,102.8416
2024_04_Japanese_Grand_Prix,STR,3.0,MEDIUM,Japanese Grand Prix,13.0,22.0,10,100.934
2024_04_Japanese_Grand_Prix,STR,4.0,HARD,Japanese Grand Prix,23.0,34.0,12,99.35183333333333
2024_04_Japanese_Grand_Prix,STR,5.0,SOFT,Japanese Grand Prix,35.0,52.0,18,97.59266666666666
2024_04_Japanese_Grand_Prix,TSU,1.0,MEDIUM,Japanese Grand Prix,1.0,1.0,1,167.566
2024_04_Japanese_Grand_Prix,TSU,2.0,SOFT,Japanese Grand Prix,4.0,7.0,4,99.62525
2024_04_Japanese_Grand_Prix,TSU,3.0,HARD,Japanese Grand Prix,8.0,22.0,15,100.37486666666668
2024_04_Japanese_Grand_Prix,TSU,4.0,HARD,Japanese Grand Prix,23.0,52.0,30,98.00983333333333
2024_04_Japanese_Grand_Prix,VER,1.0,MEDIUM,Japanese Grand Prix,1.0,1.0,1,130.735
2024_04_Japanese_Grand_Prix,VER,2.0,MEDIUM,Japanese Grand Prix,4.0,16.0,13,97.54776923076923
2024_04_Japanese_Grand_Prix,VER,3.0,MEDIUM,Japanese Grand Prix,17.0,34.0,18,97.78194444444445
2024_04_Japanese_Grand_Prix,VER,4.0,HARD,Japanese Grand Prix,35.0,53.0,19,95.8201052631579
2024_04_Japanese_Grand_Prix,ZHO,1.0,MEDIUM,Japanese Grand Prix,1.0,1.0,1,195.118
2024_04_Japanese_Grand_Prix,ZHO,2.0,SOFT,Japanese Grand Prix,3.0,7.0,5,106.39579999999998
2024_04_Japanese_Grand_Prix,ZHO,3.0,HARD,Japanese Grand Prix,8.0,11.0,4,103.54475
2024_04_Japanese_Grand_Prix,ZHO,4.0,HARD,Japanese Grand Prix,12.0,12.0,1,128.193
2024_05_Chinese_Grand_Prix,ALB,1.0,MEDIUM,Chinese Grand Prix,1.0,9.0,9,104.55311111111111
2024_05_Chinese_Grand_Prix,ALB,2.0,MEDIUM,Chinese Grand Prix,10.0,23.0,14,110.10914285714286
2024_05_Chinese_Grand_Prix,ALB,3.0,HARD,Chinese Grand Prix,24.0,56.0,33,110.16830303030304
2024_05_Chinese_Grand_Prix,ALO,1.0,MEDIUM,Chinese Grand Prix,1.0,11.0,11,103.02881818181818
2024_05_Chinese_Grand_Prix,ALO,2.0,HARD,Chinese Grand Prix,12.0,23.0,12,109.41725000000001
2024_05_Chinese_Grand_Prix,ALO,3.0,SOFT,Chinese Grand Prix,24.0,43.0,18,113.09511111111111
2024_05_Chinese_Grand_Prix,ALO,4.0,MEDIUM,Chinese Grand Prix,44.0,56.0,13,100.93423076923077
2024_05_Chinese_Grand_Prix,BOT,1.0,MEDIUM,Chinese Grand Prix,1.0,9.0,9,104.16655555555556
2024_05_Chinese_Grand_Prix,BOT,2.0,HARD,Chinese Grand Prix,10.0,19.0,10,104.1021
2024_05_Chinese_Grand_Prix,GAS,1.0,MEDIUM,Chinese Grand Prix,1.0,11.0,11,104.46018181818181
2024_05_Chinese_Grand_Prix,GAS,2.0,HARD,Chinese Grand Prix,12.0,23.0,12,112.36358333333334
2024_05_Chinese_Grand_Prix,GAS,3.0,HARD,Chinese Grand Prix,24.0,38.0,15,119.95246666666667
2024_05_Chinese_Grand_Prix,GAS,4.0,MEDIUM,Chinese Grand Prix,39.0,56.0,18,101.3925
2024_05_Chinese_Grand_Prix,HAM,1.0,SOFT,Chinese Grand Prix,1.0,9.0,9,104.92099999999999
2024_05_Chinese_Grand_Prix,HAM,2.0,MEDIUM,Chinese Grand Prix,10.0,21.0,12,105.35408333333334
2024_05_Chinese_Grand_Prix,HAM,3.0,HARD,Chinese Grand Prix,22.0,56.0,35,111.48577142857143
2024_05_Chinese_Grand_Prix,HUL,1.0,MEDIUM,Chinese Grand Prix,1.0,8.0,8,104.467375
2024_05_Chinese_Grand_Prix,HUL,2.0,HARD,Chinese Grand Prix,9.0,23.0,15,108.7548
2024_05_Chinese_Grand_Prix,HUL,3.0,HARD,Chinese Grand Prix,25.0,56.0,32,109.2373125
2024_05_Chinese_Grand_Prix,LEC,1.0,MEDIUM,Chinese Grand Prix,1.0,21.0,21,102.83628571428571
2024_05_Chinese_Grand_Prix,LEC,2.0,HARD,Chinese Grand Prix,23.0,56.0,32,108.11087500000001
2024_05_Chinese_Grand_Prix,MAG,1.0,HARD,Chinese Grand Prix,1.0,17.0,17,104.649
2024_05_Chinese_Grand_Prix,MAG,2.0,HARD,Chinese Grand Prix,18.0,26.0,9,123.11011111111111
2024_05_Chinese_Grand_Prix,MAG,3.0,MEDIUM,Chinese Grand Prix,28.0,56.0,29,106.29224137931034
2024_05_Chinese_Grand_Prix,NOR,1.0,MEDIUM,Chinese Grand Prix,1.0,22.0,22,103.7434090909091
2024_05_Chinese_Grand_Prix,NOR,2.0,HARD,Chinese Grand Prix,23.0,56.0,33,109.91196969696969
2024_05_Chinese_Grand_Prix,OCO,1.0,MEDIUM,Chinese Grand Prix,1.0,9.0,9,104.43655555555557
2024_05_Chinese_Grand_Prix,OCO,2.0,HARD,Chinese Grand Prix,10.0,23.0,14,109.537
2024_05_Chinese_Grand_Prix,OCO,3.0,HARD,Chinese Grand Prix,24.0,56.0,33,110.36118181818182
2024_05_Chinese_Grand_Prix,PER,1.0,MEDIUM,Chinese Grand Prix,1.0,13.0,13,102.19323076923077
2024_05_Chinese_Grand_Prix,PER,2.0,HARD,Chinese Grand Prix,14.0,23.0,10,110.0278
2024_05_Chinese_Grand_Prix,PER,3.0,HARD,Chinese Grand Prix,25.0,56.0,30,106.12946666666667
2024_05_Chinese_Grand_Prix,PIA,1.0,MEDIUM,Chinese Grand Prix,1.0,16.0,16,103.058125
2024_05_Chinese_Grand_Prix,PIA,2.0,MEDIUM,Chinese Grand Prix,17.0,24.0,8,117.246875
2024_05_Chinese_Grand_Prix,PIA,3.0,HARD,Chinese Grand Prix,25.0,56.0,31,108.73451612903226
2024_05_Chinese_Grand_Prix,RIC,1.0,MEDIUM,Chinese Grand Prix,1.0,14.0,14,104.20078571428571
2024_05_Chinese_Grand_Prix,RIC,2.0,MEDIUM,Chinese Grand Prix,15.0,33.0,18,121.43883333333332
2024_05_Chinese_Grand_Prix,RUS,1.0,MEDIUM,Chinese Grand Prix,1.0,11.0,11,103.39445454545454
2024_05_Chinese_Grand_Prix,RUS,2.0,MEDIUM,Chinese Grand Prix,12.0,23.0,12,109.43641666666667
2024_05_Chinese_Grand_Prix,RUS,3.0,HARD,Chinese Grand Prix,24.0,56.0,32,109.02371875
2024_05_Chinese_Grand_Prix,SAI,1.0,MEDIUM,Chinese Grand Prix,1.0,17.0,17,103.20670588235294
2024_05_Chinese_Grand_Prix,SAI,2.0,HARD,Chinese Grand Prix,18.0,56.0,37,108.86816216216216
2024_05_Chinese_Grand_Prix,SAR,1.0,SOFT,Chinese Grand Prix,1.0,12.0,12,104.93258333333334
2024_05_Chinese_Grand_Prix,SAR,2.0,MEDIUM,Chinese Grand Prix,13.0,24.0,12,113.40675
2024_05_Chinese_Grand_Prix,SAR,3.0,HARD,Chinese Grand Prix,25.0,56.0,32,109.92475
2024_05_Chinese_Grand_Prix,STR,1.0,SOFT,Chinese Grand Prix,1.0,9.0,9,103.91344444444445
2024_05_Chinese_Grand_Prix,STR,2.0,MEDIUM,Chinese Grand Prix,10.0,21.0,12,104.76383333333332
2024_05_Chinese_Grand_Prix,STR,3.0,HARD,Chinese Grand Prix,23.0,25.0,3,130.83599999999998
2024_05_Chinese_Grand_Prix,STR,4.0,MEDIUM,Chinese Grand Prix,28.0,35.0,8,110.300375
2024_05_Chinese_Grand_Prix,STR,5.0,HARD,Chinese Grand Prix,36.0,56.0,21,101.91799999999999
2024_05_Chinese_Grand_Prix,TSU,1.0,SOFT,Chinese Grand Prix,1.0,8.0,8,105.029625
2024_05_Chinese_Grand_Prix,TSU,2.0,MEDIUM,Chinese Grand Prix,9.0,23.0,15,109.30433333333333
2024_05_Chinese_Grand_Prix,TSU,3.0,HARD,Chinese Grand Prix,24.0,26.0,3,135.80433333333335
2024_05_Chinese_Grand_Prix,VER,1.0,MEDIUM,Chinese Grand Prix,1.0,13.0,13,101.44738461538462
2024_05_Chinese_Grand_Prix,VER,2.0,HARD,Chinese Grand Prix,14.0,23.0,10,109.1183
2024_05_Chinese_Grand_Prix,VER,3.0,HARD,Chinese Grand Prix,25.0,56.0,30,105.58266666666667
2024_05_Chinese_Grand_Prix,ZHO,1.0,MEDIUM,Chinese Grand Prix,1.0,8.0,8,105.540625
2024_05_Chinese_Grand_Prix,ZHO,2.0,HARD,Chinese Grand Prix,9.0,23.0,15,109.55753333333334
2024_05_Chinese_Grand_Prix,ZHO,3.0,HARD,Chinese Grand Prix,25.0,40.0,16,116.309625
2024_05_Chinese_Grand_Prix,ZHO,4.0,SOFT,Chinese Grand Prix,41.0,56.0,16,101.445625
2024_06_Miami_Grand_Prix,ALB,1.0,MEDIUM,Miami Grand Prix,1.0,10.0,10,95.7821
2024_06_Miami_Grand_Prix,ALB,2.0,HARD,Miami Grand Prix,11.0,53.0,43,97.37358139534885
2024_06_Miami_Grand_Prix,ALB,3.0,SOFT,Miami Grand Prix,54.0,57.0,4,95.2705
2024_06_Miami_Grand_Prix,ALO,1.0,HARD,Miami Grand Prix,1.0,22.0,22,95.1485
2024_06_Miami_Grand_Prix,ALO,2.0,MEDIUM,Miami Grand Prix,23.0,57.0,35,96.96331428571428
2024_06_Miami_Grand_Prix,BOT,1.0,SOFT,Miami Grand Prix,1.0,11.0,11,96.08609090909091
2024_06_Miami_Grand_Prix,BOT,2.0,HARD,Miami Grand Prix,12.0,29.0,18,98.84683333333334
2024_06_Miami_Grand_Prix,BOT,3.0,MEDIUM,Miami Grand Prix,30.0,57.0,28,95.21578571428572
2024_06_Miami_Grand_Prix,GAS,1.0,MEDIUM,Miami Grand Prix,1.0,12.0,12,95.39425
2024_06_Miami_Grand_Prix,GAS,2.0,HARD,Miami Grand Prix,13.0,57.0,45,96.66895555555556
2024_06_Miami_Grand_Prix,HAM,1.0,HARD,Miami Grand Prix,1.0,26.0,26,94.81076923076922
2024_06_Miami_Grand_Prix,HAM,2.0,MEDIUM,Miami Grand Prix,27.0,57.0,31,96.81874193548387
2024_06_Miami_Grand_Prix,HUL,1.0,MEDIUM,Miami Grand Prix,1.0,12.0,12,95.29116666666668
2024_06_Miami_Grand_Prix,HUL,2.0,HARD,Miami Grand Prix,13.0,28.0,16,96.9580625
2024_06_Miami_Grand_Prix,HUL,3.0,MEDIUM,Miami Grand Prix,29.0,57.0,29,96.4083448275862
2024_06_Miami_Grand_Prix,LEC,1.0,MEDIUM,Miami Grand Prix,1.0,19.0,19,93.595
2024_06_Miami_Grand_Prix,LEC,2.0,HARD,Miami Grand Prix,20.0,57.0,37,95.38986486486488
2024_06_Miami_Grand_Prix,MAG,1.0,HARD,Miami Grand Prix,1.0,22.0,22,95.48995454545455
2024_06_Miami_Grand_Prix,MAG,2.0,MEDIUM,Miami Grand Prix,23.0,28.0,6,104.831
2024_06_Miami_Grand_Prix,MAG,3.0,MEDIUM,Miami Grand Prix,29.0,31.0,3,116.30166666666668
2024_06_Miami_Grand_Prix,MAG,4.0,MEDIUM,Miami Grand Prix,32.0,57.0,26,93.30342307692308
2024_06_Miami_Grand_Prix,NOR,1.0,MEDIUM,Miami Grand Prix,1.0,29.0,29,95.09113793103448
2024_06_Miami_Grand_Prix,NOR,2.0,HARD,Miami Grand Prix,30.0,57.0,27,93.91085185185185
2024_06_Miami_Grand_Prix,OCO,1.0,MEDIUM,Miami Grand Prix,1.0,22.0,22,94.99854545454545
2024_06_Miami_Grand_Prix,OCO,2.0,HARD,Miami Grand Prix,23.0,57.0,35,97.13297142857142
2024_06_Miami_Grand_Prix,PER,1.0,MEDIUM,Miami Grand Prix,1.0,17.0,17,94.05305882352941
2024_06_Miami_Grand_Prix,PER,2.0,HARD,Miami Grand Prix,18.0,28.0,11,96.65718181818183
2024_06_Miami_Grand_Prix,PER,3.0,MEDIUM,Miami Grand Prix,29.0,57.0,29,96.63431034482758
2024_06_Miami_Grand_Prix,PIA,1.0,MEDIUM,Miami Grand Prix,1.0,27.0,27,93.81918518518518
2024_06_Miami_Grand_Prix,PIA,2.0,HARD,Miami Grand Prix,28.0,40.0,12,102.75325
2024_06_Miami_Grand_Prix,PIA,3.0,MEDIUM,Miami Grand Prix,41.0,57.0,17,93.11964705882353
2024_06_Miami_Grand_Prix,RIC,1.0,HARD,Miami Grand Prix,1.0,28.0,28,95.98071428571428
2024_06_Miami_Grand_Prix,RIC,2.0,MEDIUM,Miami Grand Prix,29.0,57.0,29,97.0128275862069
2024_06_Miami_Grand_Prix,RUS,1.0,MEDIUM,Miami Grand Prix,1.0,24.0,24,95.03116666666666
2024_06_Miami_Grand_Prix,RUS,2.0,HARD,Miami Grand Prix,25.0,57.0,33,97.08839393939394
2024_06_Miami_Grand_Prix,SAI,1.0,MEDIUM,Miami Grand Prix,1.0,27.0,27,93.90751851851853
2024_06_Miami_Grand_Prix,SAI,2.0,HARD,Miami Grand Prix,28.0,57.0,30,97.52600000000001
2024_06_Miami_Grand_Prix,SAR,1.0,MEDIUM,Miami Grand Prix,1.0,11.0,11,95.84527272727273
2024_06_Miami_Grand_Prix,SAR,2.0,HARD,Miami Grand Prix,12.0,27.0,16,95.577625
2024_06_Miami_Grand_Prix,STR,1.0,MEDIUM,Miami Grand Prix,1.0,11.0,11,95.44418181818182
2024_06_Miami_Grand_Prix,STR,2.0,HARD,Miami Grand Prix,12.0,28.0,17,96.90623529411765
2024_06_Miami_Grand_Prix,STR,3.0,MEDIUM,Miami Grand Prix,29.0,57.0,29,96.47437931034483
2024_06_Miami_Grand_Prix,TSU,1.0,MEDIUM,Miami Grand Prix,1.0,28.0,28,95.21060714285714
2024_06_Miami_Grand_Prix,TSU,2.0,HARD,Miami Grand Prix,29.0,57.0,29,96.90220689655173
2024_06_Miami_Grand_Prix,VER,1.0,MEDIUM,Miami Grand Prix,1.0,23.0,23,93.88021739130434
2024_06_Miami_Grand_Prix,VER,2.0,HARD,Miami Grand Prix,24.0,57.0,33,95.24878787878788
2024_06_Miami_Grand_Prix,ZHO,1.0,MEDIUM,Miami Grand Prix,1.0,28.0,28,95.82110714285714
2024_06_Miami_Grand_Prix,ZHO,2.0,SOFT,Miami Grand Prix,29.0,57.0,29,97.13324137931035
2024_07_Emilia_Romagna_Grand_Prix,ALB,1.0,MEDIUM,Emilia Romagna Grand Prix,1.0,8.0,8,84.1655
2024_07_Emilia_Romagna_Grand_Prix,ALB,3.0,MEDIUM,Emilia Romagna Grand Prix,10.0,23.0,14,84.60307142857143
2024_07_Emilia_Romagna_Grand_Prix,ALB,4.0,MEDIUM,Emilia Romagna Grand Prix,24.0,28.0,5,90.5132
2024_07_Emilia_Romagna_Grand_Prix,ALB,5.0,MEDIUM,Emilia Romagna Grand Prix,29.0,51.0,23,83.23252173913043
2024_07_Emilia_Romagna_Grand_Prix,ALO,1.0,SOFT,Emilia Romagna Grand Prix,1.0,7.0,7,85.26028571428571
2024_07_Emilia_Romagna_Grand_Prix,ALO,2.0,HARD,Emilia Romagna Grand Prix,8.0,40.0,33,83.47869696969697
2024_07_Emilia_Romagna_Grand_Prix,ALO,3.0,MEDIUM,Emilia Romagna Grand Prix,41.0,59.0,19,83.13763157894736
2024_07_Emilia_Romagna_Grand_Prix,ALO,4.0,SOFT,Emilia Romagna Grand Prix,60.0,62.0,3,89.714
2024_07_Emilia_Romagna_Grand_Prix,BOT,1.0,MEDIUM,Emilia Romagna Grand Prix,1.0,8.0,8,84.560875
2024_07_Emilia_Romagna_Grand_Prix,BOT,2.0,HARD,Emilia Romagna Grand Prix,9.0,62.0,54,83.42792592592593
2024_07_Emilia_Romagna_Grand_Prix,GAS,1.0,SOFT,Emilia Romagna Grand Prix,1.0,8.0,8,84.288375
2024_07_Emilia_Romagna_Grand_Prix,GAS,2.0,HARD,Emilia Romagna Grand Prix,9.0,30.0,22,83.63113636363636
2024_07_Emilia_Romagna_Grand_Prix,GAS,3.0,MEDIUM,Emilia Romagna Grand Prix,31.0,62.0,32,83.14921875
2024_07_Emilia_Romagna_Grand_Prix,HAM,1.0,MEDIUM,Emilia Romagna Grand Prix,1.0,27.0,27,82.30518518518518
2024_07_Emilia_Romagna_Grand_Prix,HAM,2.0,HARD,Emilia Romagna Grand Prix,28.0,63.0,36,81.61433333333333
2024_07_Emilia_Romagna_Grand_Prix,HUL,1.0,MEDIUM,Emilia Romagna Grand Prix,1.0,13.0,13,83.0423846153846
2024_07_Emilia_Romagna_Grand_Prix,HUL,2.0,HARD,Emilia Romagna Grand Prix,14.0,62.0,49,83.08118367346938
2024_07_Emilia_Romagna_Grand_Prix,LEC,1.0,MEDIUM,Emilia Romagna Grand Prix,1.0,25.0,25,81.75064
2024_07_Emilia_Romagna_Grand_Prix,LEC,2.0,HARD,Emilia Romagna Grand Prix,26.0,63.0,38,81.30005263157895
2024_07_Emilia_Romagna_Grand_Prix,MAG,1.0,MEDIUM,Emilia Romagna Grand Prix,1.0,37.0,37,83.358
2024_07_Emilia_Romagna_Grand_Prix,MAG,2.0,HARD,Emilia Romagna Grand Prix,38.0,62.0,25,82.69760000000001
2024_07_Emilia_Romagna_Grand_Prix,NOR,1.0,MEDIUM,Emilia Romagna Grand Prix,1.0,22.0,22,81.67381818181819
2024_07_Emilia_Romagna_Grand_Prix,NOR,2.0,HARD,Emilia Romagna Grand Prix,23.0,63.0,41,81.19885365853659
2024_07_Emilia_Romagna_Grand_Prix,OCO,1.0,MEDIUM,Emilia Romagna Grand Prix,1.0,25.0,25,83.39244000000001
2024_07_Emilia_Romagna_Grand_Prix,OCO,2.0,HARD,Emilia Romagna Grand Prix,26.0,62.0,37,83.36075675675676
2024_07_Emilia_Romagna_Grand_Prix,PER,1.0,HARD,Emilia Romagna Grand Prix,1.0,37.0,37,82.8235135135135
2024_07_Emilia_Romagna_Grand_Prix,PER,2.0,MEDIUM,Emilia Romagna Grand Prix,38.0,63.0,26,81.36761538461539
2024_07_Emilia_Romagna_Grand_Prix,PIA,1.0,MEDIUM,Emilia Romagna Grand Prix,1.0,23.0,23,81.98804347826086
2024_07_Emilia_Romagna_Grand_Prix,PIA,2.0,HARD,Emilia Romagna Grand Prix,24.0,63.0,40,81.341475
2024_07_Emilia_Romagna_Grand_Prix,RIC,1.0,MEDIUM,Emilia Romagna Grand Prix,1.0,11.0,11,83.44690909090909
2024_07_Emilia_Romagna_Grand_Prix,RIC,2.0,HARD,Emilia Romagna Grand Prix,12.0,62.0,51,83.0391568627451
2024_07_Emilia_Romagna_Grand_Prix,RUS,1.0,MEDIUM,Emilia Romagna Grand Prix,1.0,21.0,21,82.16785714285714
2024_07_Emilia_Romagna_Grand_Prix,RUS,2.0,HARD,Emilia Romagna Grand Prix,22.0,52.0,31,82.08687096774194
2024_07_Emilia_Romagna_Grand_Prix,RUS,3.0,MEDIUM,Emilia Romagna Grand Prix,53.0,63.0,11,82.01709090909091
2024_07_Emilia_Romagna_Grand_Prix,SAI,1.0,MEDIUM,Emilia Romagna Grand Prix,1.0,27.0,27,81.91088888888889
2024_07_Emilia_Romagna_Grand_Prix,SAI,2.0,HARD,Emilia Romagna Grand Prix,28.0,63.0,36,81.55508333333334
2024_07_Emilia_Romagna_Grand_Prix,SAR,1.0,HARD,Emilia Romagna Grand Prix,1.0,31.0,31,83.76093548387097
2024_07_Emilia_Romagna_Grand_Prix,SAR,2.0,MEDIUM,Emilia Romagna Grand Prix,32.0,62.0,31,83.21658064516129
2024_07_Emilia_Romagna_Grand_Prix,STR,1.0,MEDIUM,Emilia Romagna Grand Prix,1.0,37.0,37,82.97956756756757
2024_07_Emilia_Romagna_Grand_Prix,STR,2.0,HARD,Emilia Romagna Grand Prix,38.0,63.0,26,82.09861538461539
2024_07_Emilia_Romagna_Grand_Prix,TSU,1.0,MEDIUM,Emilia Romagna Grand Prix,1.0,12.0,12,83.13316666666667
2024_07_Emilia_Romagna_Grand_Prix,TSU,2.0,HARD,Emilia Romagna Grand Prix,13.0,62.0,50,82.9102
2024_07_Emilia_Romagna_Grand_Prix,VER,1.0,MEDIUM,Emilia Romagna Grand Prix,1.0,24.0,24,81.42404166666667
2024_07_Emilia_Romagna_Grand_Prix,VER,2.0,HARD,Emilia Romagna Grand Prix,25.0,63.0,39,81.30961538461538
2024_07_Emilia_Romagna_Grand_Prix,ZHO,1.0,HARD,Emilia Romagna Grand Prix,1.0,33.0,33,83.55742424242425
2024_07_Emilia_Romagna_Grand_Prix,ZHO,2.0,MEDIUM,Emilia Romagna Grand Prix,34.0,62.0,29,83.1996551724138
2024_08_Monaco_Grand_Prix,ALB,1.0,MEDIUM,Monaco Grand Prix,1.0,1.0,1,2494.817
2024_08_Monaco_Grand_Prix,ALB,2.0,HARD,Monaco Grand Prix,2.0,77.0,76,80.98406578947368
2024_08_Monaco_Grand_Prix,ALO,1.0,HARD,Monaco Grand Prix,1.0,1.0,1,2513.184
2024_08_Monaco_Grand_Prix,ALO,2.0,MEDIUM,Monaco Grand Prix,2.0,76.0,75,81.14965333333333
2024_08_Monaco_Grand_Prix,BOT,1.0,HARD,Monaco Grand Prix,1.0,1.0,1,2521.748
2024_08_Monaco_Grand_Prix,BOT,2.0,MEDIUM,Monaco Grand Prix,2.0,15.0,14,86.30492857142858
2024_08_Monaco_Grand_Prix,BOT,3.0,HARD,Monaco Grand Prix,16.0,76.0,61,79.83647540983605
2024_08_Monaco_Grand_Prix,GAS,1.0,HARD,Monaco Grand Prix,1.0,1.0,1,2497.695
2024_08_Monaco_Grand_Prix,GAS,2.0,MEDIUM,Monaco Grand Prix,2.0,77.0,76,81.02763157894738
2024_08_Monaco_Grand_Prix,HAM,1.0,HARD,Monaco Grand Prix,1.0,1.0,1,2483.804
2024_08_Monaco_Grand_Prix,HAM,2.0,MEDIUM,Monaco Grand Prix,3.0,51.0,49,80.1355306122449
2024_08_Monaco_Grand_Prix,HAM,3.0,HARD,Monaco Grand Prix,52.0,78.0,27,75.82240740740741
2024_08_Monaco_Grand_Prix,LEC,1.0,MEDIUM,Monaco Grand Prix,1.0,1.0,1,2456.33
2024_08_Monaco_Grand_Prix,LEC,2.0,HARD,Monaco Grand Prix,3.0,78.0,76,78.43903947368422
2024_08_Monaco_Grand_Prix,NOR,1.0,MEDIUM,Monaco Grand Prix,1.0,1.0,1,2468.042
2024_08_Monaco_Grand_Prix,NOR,2.0,HARD,Monaco Grand Prix,3.0,78.0,76,78.53284210526316
2024_08_Monaco_Grand_Prix,PIA,1.0,MEDIUM,Monaco Grand Prix,1.0,1.0,1,2458.744
2024_08_Monaco_Grand_Prix,PIA,2.0,HARD,Monaco Grand Prix,3.0,78.0,76,78.5241447368421
2024_08_Monaco_Grand_Prix,RIC,1.0,MEDIUM,Monaco Grand Prix,1.0,1.0,1,2507.607
2024_08_Monaco_Grand_Prix,RIC,2.0,HARD,Monaco Grand Prix,2.0,76.0,75,81.22948000000001
2024_08_Monaco_Grand_Prix,RUS,1.0,HARD,Monaco Grand Prix,1.0,1.0,1,2473.884
2024_08_Monaco_Grand_Prix,RUS,2.0,MEDIUM,Monaco Grand Prix,3.0,78.0,76,78.5896447368421
2024_08_Monaco_Grand_Prix,SAI,1.0,MEDIUM,Monaco Grand Prix,1.0,1.0,1,2462.721
2024_08_Monaco_Grand_Prix,SAI,2.0,HARD,Monaco Grand Prix,3.0,78.0,76,78.52307894736842
2024_08_Monaco_Grand_Prix,SAR,1.0,HARD,Monaco Grand Prix,1.0,1.0,1,2516.858
2024_08_Monaco_Grand_Prix,SAR,2.0,HARD,Monaco Grand Prix,2.0,57.0,56,82.493375
2024_08_Monaco_Grand_Prix,SAR,3.0,MEDIUM,Monaco Grand Prix,58.0,76.0,19,77.26805263157895
2024_08_Monaco_Grand_Prix,STR,1.0,HARD,Monaco Grand Prix,1.0,1.0,1,2502.648
2024_08_Monaco_Grand_Prix,STR,2.0,MEDIUM,Monaco Grand Prix,2.0,42.0,41,82.82460975609757
2024_08_Monaco_Grand_Prix,STR,3.0,HARD,Monaco Grand Prix,43.0,48.0,6,84.27033333333334
2024_08_Monaco_Grand_Prix,STR,4.0,SOFT,Monaco Grand Prix,49.0,76.0,28,78.48007142857143
2024_08_Monaco_Grand_Prix,TSU,1.0,MEDIUM,Monaco Grand Prix,1.0,1.0,1,2488.609
2024_08_Monaco_Grand_Prix,TSU,2.0,HARD,Monaco Grand Prix,2.0,77.0,76,80.87410526315789
2024_08_Monaco_Grand_Prix,VER,1.0,HARD,Monaco Grand Prix,1.0,1.0,1,2478.944
2024_08_Monaco_Grand_Prix,VER,2.0,MEDIUM,Monaco Grand Prix,3.0,52.0,50,80.04532
2024_08_Monaco_Grand_Prix,VER,3.0,HARD,Monaco Grand Prix,53.0,78.0,26,75.79823076923077
2024_08_Monaco_Grand_Prix,ZHO,1.0,MEDIUM,Monaco Grand Prix,1.0,1.0,1,2526.253
2024_08_Monaco_Grand_Prix,ZHO,2.0,HARD,Monaco Grand Prix,2.0,70.0,69,81.89976811594202
2024_08_Monaco_Grand_Prix,ZHO,3.0,SOFT,Monaco Grand Prix,71.0,76.0,6,78.91283333333332
2024_09_Canadian_Grand_Prix,ALB,1.0,INTERMEDIATE,Canadian Grand Prix,1.0,25.0,25,93.86084000000001
2024_09_Canadian_Grand_Prix,ALB,2.0,INTERMEDIATE,Canadian Grand Prix,26.0,44.0,19,93.67347368421053
2024_09_Canadian_Grand_Prix,ALB,3.0,MEDIUM,Canadian Grand Prix,45.0,52.0,8,82.840375
2024_09_Canadian_Grand_Prix,ALO,1.0,INTERMEDIATE,Canadian Grand Prix,1.0,25.0,25,92.22995999999999
2024_09_Canadian_Grand_Prix,ALO,2.0,INTERMEDIATE,Canadian Grand Prix,26.0,44.0,19,95.22636842105263
2024_09_Canadian_Grand_Prix,ALO,3.0,HARD,Canadian Grand Prix,45.0,70.0,26,86.55334615384616
2024_09_Canadian_Grand_Prix,BOT,1.0,INTERMEDIATE,Canadian Grand Prix,1.0,42.0,42,94.22321428571429
2024_09_Canadian_Grand_Prix,BOT,2.0,MEDIUM,Canadian Grand Prix,43.0,70.0,28,86.82282142857142
2024_09_Canadian_Grand_Prix,GAS,1.0,INTERMEDIATE,Canadian Grand Prix,1.0,25.0,25,94.33652000000001
2024_09_Canadian_Grand_Prix,GAS,2.0,INTERMEDIATE,Canadian Grand Prix,26.0,40.0,15,95.2558
2024_09_Canadian_Grand_Prix,GAS,3.0,HARD,Canadian Grand Prix,41.0,70.0,30,86.3566
2024_09_Canadian_Grand_Prix,HAM,1.0,INTERMEDIATE,Canadian Grand Prix,1.0,25.0,25,92.17784
2024_09_Canadian_Grand_Prix,HAM,2.0,INTERMEDIATE,Canadian Grand Prix,26.0,43.0,18,95.20561111111111
2024_09_Canadian_Grand_Prix,HAM,3.0,MEDIUM,Canadian Grand Prix,44.0,54.0,11,85.68681818181818
2024_09_Canadian_Grand_Prix,HAM,4.0,HARD,Canadian Grand Prix,55.0,70.0,16,87.00874999999999
2024_09_Canadian_Grand_Prix,HUL,1.0,WET,Canadian Grand Prix,1.0,12.0,12,98.73683333333334
2024_09_Canadian_Grand_Prix,HUL,2.0,INTERMEDIATE,Canadian Grand Prix,13.0,25.0,13,91.42469230769231
2024_09_Canadian_Grand_Prix,HUL,3.0,INTERMEDIATE,Canadian Grand Prix,26.0,44.0,19,92.72131578947368
2024_09_Canadian_Grand_Prix,HUL,4.0,MEDIUM,Canadian Grand Prix,45.0,70.0,26,86.2955
2024_09_Canadian_Grand_Prix,LEC,1.0,INTERMEDIATE,Canadian Grand Prix,1.0,25.0,25,93.98848
2024_09_Canadian_Grand_Prix,LEC,2.0,INTERMEDIATE,Canadian Grand Prix,26.0,28.0,3,118.544
2024_09_Canadian_Grand_Prix,LEC,3.0,HARD,Canadian Grand Prix,29.0,31.0,3,112.75733333333335
2024_09_Canadian_Grand_Prix,LEC,4.0,INTERMEDIATE,Canadian Grand Prix,32.0,40.0,9,88.85466666666667
2024_09_Canadian_Grand_Prix,MAG,1.0,WET,Canadian Grand Prix,1.0,7.0,7,100.48114285714284
2024_09_Canadian_Grand_Prix,MAG,2.0,INTERMEDIATE,Canadian Grand Prix,8.0,25.0,18,91.89166666666667
2024_09_Canadian_Grand_Prix,MAG,3.0,INTERMEDIATE,Canadian Grand Prix,26.0,41.0,16,94.91625
2024_09_Canadian_Grand_Prix,MAG,4.0,MEDIUM,Canadian Grand Prix,42.0,54.0,13,87.9143846153846
2024_09_Canadian_Grand_Prix,MAG,5.0,MEDIUM,Canadian Grand Prix,55.0,70.0,16,85.0134375
2024_09_Canadian_Grand_Prix,NOR,1.0,INTERMEDIATE,Canadian Grand Prix,1.0,26.0,26,92.10653846153846
2024_09_Canadian_Grand_Prix,NOR,2.0,INTERMEDIATE,Canadian Grand Prix,27.0,47.0,21,93.113
2024_09_Canadian_Grand_Prix,NOR,3.0,MEDIUM,Canadian Grand Prix,48.0,70.0,23,87.02882608695653
2024_09_Canadian_Grand_Prix,OCO,1.0,INTERMEDIATE,Canadian Grand Prix,1.0,44.0,44,93.72068181818182
2024_09_Canadian_Grand_Prix,OCO,2.0,MEDIUM,Canadian Grand Prix,45.0,70.0,26,86.71269230769232
2024_09_Canadian_Grand_Prix,PER,1.0,INTERMEDIATE,Canadian Grand Prix,1.0,25.0,25,94.80476
2024_09_Canadian_Grand_Prix,PER,2.0,INTERMEDIATE,Canadian Grand Prix,26.0,43.0,18,93.01216666666667
2024_09_Canadian_Grand_Prix,PER,3.0,MEDIUM,Canadian Grand Prix,44.0,51.0,8,83.30375
2024_09_Canadian_Grand_Prix,PIA,1.0,INTERMEDIATE,Canadian Grand Prix,1.0,25.0,25,91.38712
2024_09_Canadian_Grand_Prix,PIA,2.0,INTERMEDIATE,Canadian Grand Prix,26.0,44.0,19,95.57047368421053
2024_09_Canadian_Grand_Prix,PIA,3.0,MEDIUM,Canadian Grand Prix,45.0,70.0,26,86.83111538461539
2024_09_Canadian_Grand_Prix,RIC,1.0,INTERMEDIATE,Canadian Grand Prix,1.0,26.0,26,94.40200000000002
2024_09_Canadian_Grand_Prix,RIC,2.0,INTERMEDIATE,Canadian Grand Prix,27.0,43.0,17,93.34947058823529
2024_09_Canadian_Grand_Prix,RIC,3.0,MEDIUM,Canadian Grand Prix,44.0,70.0,27,86.48911111111111
2024_09_Canadian_Grand_Prix,RUS,1.0,INTERMEDIATE,Canadian Grand Prix,1.0,25.0,25,91.34539999999998
2024_09_Canadian_Grand_Prix,RUS,2.0,INTERMEDIATE,Canadian Grand Prix,26.0,45.0,20,95.03425
2024_09_Canadian_Grand_Prix,RUS,3.0,HARD,Canadian Grand Prix,46.0,54.0,9,85.59055555555557
2024_09_Canadian_Grand_Prix,RUS,4.0,MEDIUM,Canadian Grand Prix,55.0,70.0,16,87.3505625
2024_09_Canadian_Grand_Prix,SAI,1.0,INTERMEDIATE,Canadian Grand Prix,1.0,25.0,25,94.26456
2024_09_Canadian_Grand_Prix,SAI,2.0,INTERMEDIATE,Canadian Grand Prix,26.0,43.0,18,93.71261111111112
2024_09_Canadian_Grand_Prix,SAI,3.0,MEDIUM,Canadian Grand Prix,44.0,52.0,9,82.78122222222221
2024_09_Canadian_Grand_Prix,SAR,1.0,INTERMEDIATE,Canadian Grand Prix,1.0,23.0,23,94.10952173913043
2024_09_Canadian_Grand_Prix,STR,1.0,INTERMEDIATE,Canadian Grand Prix,1.0,25.0,25,93.54191999999999
2024_09_Canadian_Grand_Prix,STR,2.0,INTERMEDIATE,Canadian Grand Prix,26.0,44.0,19,93.87657894736842
2024_09_Canadian_Grand_Prix,STR,3.0,HARD,Canadian Grand Prix,45.0,70.0,26,86.51342307692309
2024_09_Canadian_Grand_Prix,TSU,1.0,INTERMEDIATE,Canadian Grand Prix,1.0,44.0,44,93.61720454545456
2024_09_Canadian_Grand_Prix,TSU,2.0,MEDIUM,Canadian Grand Prix,45.0,70.0,26,87.74861538461538
2024_09_Canadian_Grand_Prix,VER,1.0,INTERMEDIATE,Canadian Grand Prix,1.0,25.0,25,91.33424000000001
2024_09_Canadian_Grand_Prix,VER,2.0,INTERMEDIATE,Canadian Grand Prix,26.0,45.0,20,94.8455
2024_09_Canadian_Grand_Prix,VER,3.0,MEDIUM,Canadian Grand Prix,46.0,70.0,25,86.70644
2024_09_Canadian_Grand_Prix,ZHO,1.0,INTERMEDIATE,Canadian Grand Prix,1.0,24.0,24,94.80825
2024_09_Canadian_Grand_Prix,ZHO,2.0,INTERMEDIATE,Canadian Grand Prix,25.0,44.0,20,95.5515
2024_09_Canadian_Grand_Prix,ZHO,3.0,MEDIUM,Canadian Grand Prix,45.0,52.0,8,93.94749999999999
2024_09_Canadian_Grand_Prix,ZHO,4.0,MEDIUM,Canadian Grand Prix,53.0,69.0,17,86.08511764705884
2024_10_Spanish_Grand_Prix,ALB,1.0,MEDIUM,Spanish Grand Prix,1.0,18.0,18,83.54594444444444
2024_10_Spanish_Grand_Prix,ALB,2.0,SOFT,Spanish Grand Prix,19.0,43.0,25,82.34248
2024_10_Spanish_Grand_Prix,ALB,3.0,SOFT,Spanish Grand Prix,44.0,65.0,22,81.63577272727274
2024_10_Spanish_Grand_Prix,ALO,1.0,SOFT,Spanish Grand Prix,1.0,19.0,19,82.84436842105264
2024_10_Spanish_Grand_Prix,ALO,2.0,MEDIUM,Spanish Grand Prix,20.0,45.0,26,81.87557692307692
2024_10_Spanish_Grand_Prix,ALO,3.0,HARD,Spanish Grand Prix,46.0,65.0,20,80.3458
2024_10_Spanish_Grand_Prix,BOT,1.0,SOFT,Spanish Grand Prix,1.0,11.0,11,83.35172727272727
2024_10_Spanish_Grand_Prix,BOT,2.0,SOFT,Spanish Grand Prix,12.0,28.0,17,82.93488235294117
2024_10_Spanish_Grand_Prix,BOT,3.0,HARD,Spanish Grand Prix,29.0,65.0,37,81.80481081081082
2024_10_Spanish_Grand_Prix,GAS,1.0,SOFT,Spanish Grand Prix,1.0,14.0,14,82.01571428571428
2024_10_Spanish_Grand_Prix,GAS,2.0,MEDIUM,Spanish Grand Prix,15.0,38.0,24,81.93537500000001
2024_10_Spanish_Grand_Prix,GAS,3.0,HARD,Spanish Grand Prix,39.0,66.0,28,80.27082142857144
2024_10_Spanish_Grand_Prix,HAM,1.0,SOFT,Spanish Grand Prix,1.0,16.0,16,81.6400625
2024_10_Spanish_Grand_Prix,HAM,2.0,MEDIUM,Spanish Grand Prix,17.0,43.0,27,80.88166666666666
2024_10_Spanish_Grand_Prix,HAM,3.0,SOFT,Spanish Grand Prix,44.0,66.0,23,79.477
2024_10_Spanish_Grand_Prix,HUL,1.0,SOFT,Spanish Grand Prix,1.0,12.0,12,82.77333333333333
2024_10_Spanish_Grand_Prix,HUL,2.0,MEDIUM,Spanish Grand Prix,13.0,38.0,26,82.04215384615385
2024_10_Spanish_Grand_Prix,HUL,3.0,HARD,Spanish Grand Prix,39.0,66.0,28,80.28807142857143
2024_10_Spanish_Grand_Prix,LEC,1.0,SOFT,Spanish Grand Prix,1.0,24.0,24,81.57566666666666
2024_10_Spanish_Grand_Prix,LEC,2.0,MEDIUM,Spanish Grand Prix,25.0,47.0,23,80.65791304347826
2024_10_Spanish_Grand_Prix,LEC,3.0,SOFT,Spanish Grand Prix,48.0,66.0,19,79.47305263157895
2024_10_Spanish_Grand_Prix,MAG,1.0,SOFT,Spanish Grand Prix,1.0,10.0,10,83.6646
2024_10_Spanish_Grand_Prix,MAG,2.0,MEDIUM,Spanish Grand Prix,11.0,29.0,19,82.86568421052633
2024_10_Spanish_Grand_Prix,MAG,3.0,HARD,Spanish Grand Prix,30.0,65.0,36,81.77558333333334
2024_10_Spanish_Grand_Prix,NOR,1.0,SOFT,Spanish Grand Prix,1.0,23.0,23,81.30321739130434
2024_10_Spanish_Grand_Prix,NOR,2.0,MEDIUM,Spanish Grand Prix,24.0,47.0,24,80.42520833333333
2024_10_Spanish_Grand_Prix,NOR,3.0,SOFT,Spanish Grand Prix,48.0,66.0,19,79.06668421052632
2024_10_Spanish_Grand_Prix,OCO,1.0,SOFT,Spanish Grand Prix,1.0,13.0,13,82.44284615384616
2024_10_Spanish_Grand_Prix,OCO,2.0,MEDIUM,Spanish Grand Prix,14.0,37.0,24,82.11274999999999
2024_10_Spanish_Grand_Prix,OCO,3.0,HARD,Spanish Grand Prix,38.0,66.0,29,80.33286206896553
2024_10_Spanish_Grand_Prix,PER,1.0,SOFT,Spanish Grand Prix,1.0,13.0,13,82.61076923076924
2024_10_Spanish_Grand_Prix,PER,2.0,SOFT,Spanish Grand Prix,14.0,31.0,18,82.12316666666668
2024_10_Spanish_Grand_Prix,PER,3.0,MEDIUM,Spanish Grand Prix,32.0,49.0,18,80.50766666666667
2024_10_Spanish_Grand_Prix,PER,4.0,SOFT,Spanish Grand Prix,50.0,66.0,17,79.90917647058825
2024_10_Spanish_Grand_Prix,PIA,1.0,SOFT,Spanish Grand Prix,1.0,21.0,21,82.06985714285715
2024_10_Spanish_Grand_Prix,PIA,2.0,MEDIUM,Spanish Grand Prix,22.0,46.0,25,80.89920000000001
2024_10_Spanish_Grand_Prix,PIA,3.0,SOFT,Spanish Grand Prix,47.0,66.0,20,79.402
2024_10_Spanish_Grand_Prix,RIC,1.0,SOFT,Spanish Grand Prix,1.0,16.0,16,83.2943125
2024_10_Spanish_Grand_Prix,RIC,2.0,MEDIUM,Spanish Grand Prix,17.0,42.0,26,82.2111923076923
2024_10_Spanish_Grand_Prix,RIC,3.0,HARD,Spanish Grand Prix,43.0,65.0,23,81.48160869565217
2024_10_Spanish_Grand_Prix,RUS,1.0,SOFT,Spanish Grand Prix,1.0,15.0,15,81.48246666666667
2024_10_Spanish_Grand_Prix,RUS,2.0,MEDIUM,Spanish Grand Prix,16.0,36.0,21,81.33028571428571
2024_10_Spanish_Grand_Prix,RUS,3.0,HARD,Spanish Grand Prix,37.0,66.0,30,79.74579999999999
2024_10_Spanish_Grand_Prix,SAI,1.0,SOFT,Spanish Grand Prix,1.0,15.0,15,81.69886666666666
2024_10_Spanish_Grand_Prix,SAI,2.0,MEDIUM,Spanish Grand Prix,16.0,36.0,21,81.35752380952381
2024_10_Spanish_Grand_Prix,SAI,3.0,HARD,Spanish Grand Prix,37.0,66.0,30,79.9088
2024_10_Spanish_Grand_Prix,SAR,1.0,SOFT,Spanish Grand Prix,1.0,14.0,14,83.82707142857143
2024_10_Spanish_Grand_Prix,SAR,2.0,MEDIUM,Spanish Grand Prix,15.0,34.0,20,83.1823
2024_10_Spanish_Grand_Prix,SAR,3.0,HARD,Spanish Grand Prix,35.0,64.0,30,82.26226666666666
2024_10_Spanish_Grand_Prix,STR,1.0,SOFT,Spanish Grand Prix,1.0,17.0,17,82.82623529411765
2024_10_Spanish_Grand_Prix,STR,2.0,MEDIUM,Spanish Grand Prix,18.0,37.0,20,82.36295
2024_10_Spanish_Grand_Prix,STR,3.0,HARD,Spanish Grand Prix,38.0,65.0,28,81.07764285714286
2024_10_Spanish_Grand_Prix,TSU,1.0,SOFT,Spanish Grand Prix,1.0,9.0,9,84.13577777777778
2024_10_Spanish_Grand_Prix,TSU,2.0,MEDIUM,Spanish Grand Prix,10.0,27.0,18,83.11816666666667
2024_10_Spanish_Grand_Prix,TSU,3.0,HARD,Spanish Grand Prix,28.0,44.0,17,82.41947058823528
2024_10_Spanish_Grand_Prix,TSU,4.0,SOFT,Spanish Grand Prix,45.0,65.0,21,81.41195238095239
2024_10_Spanish_Grand_Prix,VER,1.0,SOFT,Spanish Grand Prix,1.0,17.0,17,81.18935294117648
2024_10_Spanish_Grand_Prix,VER,2.0,MEDIUM,Spanish Grand Prix,18.0,44.0,27,80.66803703703702
2024_10_Spanish_Grand_Prix,VER,3.0,SOFT,Spanish Grand Prix,45.0,66.0,22,79.1805
2024_10_Spanish_Grand_Prix,ZHO,1.0,SOFT,Spanish Grand Prix,1.0,9.0,9,83.961
2024_10_Spanish_Grand_Prix,ZHO,2.0,MEDIUM,Spanish Grand Prix,10.0,41.0,32,82.00796875
2024_10_Spanish_Grand_Prix,ZHO,3.0,HARD,Spanish Grand Prix,42.0,65.0,24,80.65829166666667
2024_11_Austrian_Grand_Prix,ALB,1.0,MEDIUM,Austrian Grand Prix,1.0,12.0,12,72.66625
2024_11_Austrian_Grand_Prix,ALB,2.0,HARD,Austrian Grand Prix,13.0,39.0,27,72.62644444444445
2024_11_Austrian_Grand_Prix,ALB,3.0,HARD,Austrian Grand Prix,40.0,70.0,31,72.28241935483871
2024_11_Austrian_Grand_Prix,ALO,1.0,MEDIUM,Austrian Grand Prix,1.0,11.0,11,72.73436363636364
2024_11_Austrian_Grand_Prix,ALO,2.0,MEDIUM,Austrian Grand Prix,12.0,35.0,24,72.52454166666666
2024_11_Austrian_Grand_Prix,ALO,3.0,HARD,Austrian Grand Prix,36.0,68.0,33,73.08290909090908
2024_11_Austrian_Grand_Prix,ALO,4.0,SOFT,Austrian Grand Prix,69.0,70.0,2,79.0275
2024_11_Austrian_Grand_Prix,BOT,1.0,MEDIUM,Austrian Grand Prix,1.0,19.0,19,72.75873684210526
2024_11_Austrian_Grand_Prix,BOT,2.0,HARD,Austrian Grand Prix,20.0,42.0,23,72.529
2024_11_Austrian_Grand_Prix,BOT,3.0,HARD,Austrian Grand Prix,43.0,70.0,28,72.55678571428571
2024_11_Austrian_Grand_Prix,GAS,1.0,MEDIUM,Austrian Grand Prix,1.0,20.0,20,72.3399
2024_11_Austrian_Grand_Prix,GAS,2.0,HARD,Austrian Grand Prix,21.0,42.0,22,72.49309090909091
2024_11_Austrian_Grand_Prix,GAS,3.0,MEDIUM,Austrian Grand Prix,43.0,71.0,29,71.82475862068966
2024_11_Austrian_Grand_Prix,HAM,1.0,MEDIUM,Austrian Grand Prix,1.0,21.0,21,71.66571428571429
2024_11_Austrian_Grand_Prix,HAM,2.0,HARD,Austrian Grand Prix,22.0,53.0,32,71.33290625000001
2024_11_Austrian_Grand_Prix,HAM,3.0,MEDIUM,Austrian Grand Prix,54.0,71.0,18,72.12816666666667
2024_11_Austrian_Grand_Prix,HUL,1.0,MEDIUM,Austrian Grand Prix,1.0,11.0,11,72.20081818181819
2024_11_Austrian_Grand_Prix,HUL,2.0,HARD,Austrian Grand Prix,12.0,39.0,28,72.25064285714286
2024_11_Austrian_Grand_Prix,HUL,3.0,HARD,Austrian Grand Prix,40.0,71.0,32,71.86434375
2024_11_Austrian_Grand_Prix,LEC,1.0,MEDIUM,Austrian Grand Prix,1.0,1.0,1,82.085
2024_11_Austrian_Grand_Prix,LEC,2.0,HARD,Austrian Grand Prix,2.0,16.0,15,73.19993333333333
2024_11_Austrian_Grand_Prix,LEC,3.0,MEDIUM,Austrian Grand Prix,17.0,33.0,17,72.05735294117646
2024_11_Austrian_Grand_Prix,LEC,4.0,MEDIUM,Austrian Grand Prix,34.0,51.0,18,71.64833333333334
2024_11_Austrian_Grand_Prix,LEC,5.0,MEDIUM,Austrian Grand Prix,52.0,71.0,20,71.75625
2024_11_Austrian_Grand_Prix,MAG,1.0,MEDIUM,Austrian Grand Prix,1.0,10.0,10,72.41749999999999
2024_11_Austrian_Grand_Prix,MAG,2.0,HARD,Austrian Grand Prix,11.0,38.0,28,72.36539285714285
2024_11_Austrian_Grand_Prix,MAG,3.0,HARD,Austrian Grand Prix,39.0,71.0,33,71.90142424242424
2024_11_Austrian_Grand_Prix,NOR,1.0,MEDIUM,Austrian Grand Prix,1.0,23.0,23,71.18960869565217
2024_11_Austrian_Grand_Prix,NOR,2.0,HARD,Austrian Grand Prix,24.0,51.0,28,70.90842857142857
2024_11_Austrian_Grand_Prix,NOR,3.0,MEDIUM,Austrian Grand Prix,52.0,64.0,13,74.4813076923077
2024_11_Austrian_Grand_Prix,OCO,1.0,MEDIUM,Austrian Grand Prix,1.0,19.0,19,72.26663157894737
2024_11_Austrian_Grand_Prix,OCO,2.0,HARD,Austrian Grand Prix,20.0,43.0,24,72.54537499999999
2024_11_Austrian_Grand_Prix,OCO,3.0,MEDIUM,Austrian Grand Prix,44.0,71.0,28,72.03457142857143
2024_11_Austrian_Grand_Prix,PER,1.0,MEDIUM,Austrian Grand Prix,1.0,21.0,21,71.97061904761905
2024_11_Austrian_Grand_Prix,PER,2.0,HARD,Austrian Grand Prix,22.0,51.0,30,71.7933
2024_11_Austrian_Grand_Prix,PER,3.0,MEDIUM,Austrian Grand Prix,52.0,71.0,20,72.6144
2024_11_Austrian_Grand_Prix,PIA,1.0,MEDIUM,Austrian Grand Prix,1.0,25.0,25,71.63556
2024_11_Austrian_Grand_Prix,PIA,2.0,HARD,Austrian Grand Prix,26.0,51.0,26,71.20303846153845
2024_11_Austrian_Grand_Prix,PIA,3.0,MEDIUM,Austrian Grand Prix,52.0,71.0,20,71.1268
2024_11_Austrian_Grand_Prix,RIC,1.0,MEDIUM,Austrian Grand Prix,1.0,10.0,10,72.53049999999999
2024_11_Austrian_Grand_Prix,RIC,2.0,HARD,Austrian Grand Prix,11.0,37.0,27,72.41744444444444
2024_11_Austrian_Grand_Prix,RIC,3.0,HARD,Austrian Grand Prix,38.0,71.0,34,71.86444117647059
2024_11_Austrian_Grand_Prix,RUS,1.0,MEDIUM,Austrian Grand Prix,1.0,22.0,22,71.40668181818182
2024_11_Austrian_Grand_Prix,RUS,2.0,MEDIUM,Austrian Grand Prix,23.0,46.0,24,71.33041666666666
2024_11_Austrian_Grand_Prix,RUS,3.0,HARD,Austrian Grand Prix,47.0,71.0,25,71.19684000000001
2024_11_Austrian_Grand_Prix,SAI,1.0,MEDIUM,Austrian Grand Prix,1.0,22.0,22,71.52918181818183
2024_11_Austrian_Grand_Prix,SAI,2.0,HARD,Austrian Grand Prix,23.0,47.0,25,71.32184000000001
2024_11_Austrian_Grand_Prix,SAI,3.0,MEDIUM,Austrian Grand Prix,48.0,71.0,24,71.27679166666667
2024_11_Austrian_Grand_Prix,SAR,1.0,MEDIUM,Austrian Grand Prix,1.0,1.0,1,84.605
2024_11_Austrian_Grand_Prix,SAR,2.0,MEDIUM,Austrian Grand Prix,2.0,20.0,19,74.12757894736842
2024_11_Austrian_Grand_Prix,SAR,3.0,HARD,Austrian Grand Prix,21.0,49.0,29,72.8434827586207
2024_11_Austrian_Grand_Prix,SAR,4.0,MEDIUM,Austrian Grand Prix,50.0,69.0,20,73.18084999999999
2024_11_Austrian_Grand_Prix,STR,1.0,MEDIUM,Austrian Grand Prix,1.0,20.0,20,72.66475
2024_11_Austrian_Grand_Prix,STR,2.0,MEDIUM,Austrian Grand Prix,21.0,43.0,23,72.43621739130434
2024_11_Austrian_Grand_Prix,STR,3.0,HARD,Austrian Grand Prix,44.0,70.0,27,72.3594074074074
2024_11_Austrian_Grand_Prix,TSU,1.0,MEDIUM,Austrian Grand Prix,1.0,21.0,21,72.52719047619047
2024_11_Austrian_Grand_Prix,TSU,2.0,HARD,Austrian Grand Prix,22.0,44.0,23,72.40586956521739
2024_11_Austrian_Grand_Prix,TSU,3.0,HARD,Austrian Grand Prix,45.0,70.0,26,72.59757692307693
2024_11_Austrian_Grand_Prix,VER,1.0,MEDIUM,Austrian Grand Prix,1.0,23.0,23,70.93021739130435
2024_11_Austrian_Grand_Prix,VER,2.0,HARD,Austrian Grand Prix,24.0,51.0,28,70.84957142857142
2024_11_Austrian_Grand_Prix,VER,3.0,MEDIUM,Austrian Grand Prix,52.0,64.0,13,73.31776923076923
2024_11_Austrian_Grand_Prix,VER,4.0,SOFT,Austrian Grand Prix,65.0,71.0,7,74.53385714285714
2024_11_Austrian_Grand_Prix,ZHO,1.0,HARD,Austrian Grand Prix,1.0,28.0,28,73.23135714285715
2024_11_Austrian_Grand_Prix,ZHO,2.0,MEDIUM,Austrian Grand Prix,29.0,51.0,23,72.77308695652174
2024_11_Austrian_Grand_Prix,ZHO,3.0,HARD,Austrian Grand Prix,52.0,70.0,19,72.81163157894737
2024_12_British_Grand_Prix,ALB,1.0,MEDIUM,British Grand Prix,1.0,27.0,27,95.0794074074074
2024_12_British_Grand_Prix,ALB,2.0,INTERMEDIATE,British Grand Prix,28.0,38.0,11,105.21981818181817
2024_12_British_Grand_Prix,ALB,3.0,MEDIUM,British Grand Prix,39.0,52.0,14,92.206
2024_12_British_Grand_Prix,ALO,1.0,MEDIUM,British Grand Prix,1.0,27.0,27,95.00651851851852
2024_12_British_Grand_Prix,ALO,2.0,INTERMEDIATE,British Grand Prix,28.0,38.0,11,104.67218181818181
2024_12_British_Grand_Prix,ALO,3.0,MEDIUM,British Grand Prix,39.0,52.0,14,92.43328571428572
2024_12_British_Grand_Prix,BOT,1.0,MEDIUM,British Grand Prix,1.0,26.0,26,95.98665384615386
2024_12_British_Grand_Prix,BOT,2.0,INTERMEDIATE,British Grand Prix,27.0,37.0,11,105.78127272727274
2024_12_British_Grand_Prix,BOT,3.0,SOFT,British Grand Prix,38.0,51.0,14,94.97378571428571
2024_12_British_Grand_Prix,HAM,1.0,MEDIUM,British Grand Prix,1.0,27.0,27,93.72625925925925
2024_12_British_Grand_Prix,HAM,2.0,INTERMEDIATE,British Grand Prix,28.0,38.0,11,102.91672727272727
2024_12_British_Grand_Prix,HAM,3.0,SOFT,British Grand Prix,39.0,52.0,14,91.74042857142857
2024_12_British_Grand_Prix,HUL,1.0,MEDIUM,British Grand Prix,1.0,26.0,26,94.34523076923077
2024_12_British_Grand_Prix,HUL,2.0,INTERMEDIATE,British Grand Prix,27.0,39.0,13,103.7903076923077
2024_12_British_Grand_Prix,HUL,3.0,SOFT,British Grand Prix,40.0,52.0,13,92.34853846153845
2024_12_British_Grand_Prix,LEC,1.0,MEDIUM,British Grand Prix,1.0,19.0,19,93.95473684210526
2024_12_British_Grand_Prix,LEC,2.0,INTERMEDIATE,British Grand Prix,20.0,27.0,8,108.33250000000001
2024_12_British_Grand_Prix,LEC,3.0,INTERMEDIATE,British Grand Prix,28.0,37.0,10,104.24680000000001
2024_12_British_Grand_Prix,LEC,4.0,SOFT,British Grand Prix,38.0,51.0,14,92.376
2024_12_British_Grand_Prix,MAG,1.0,MEDIUM,British Grand Prix,1.0,27.0,27,95.305
2024_12_British_Grand_Prix,MAG,2.0,INTERMEDIATE,British Grand Prix,28.0,37.0,10,106.20250000000001
2024_12_British_Grand_Prix,MAG,3.0,SOFT,British Grand Prix,38.0,52.0,15,93.46346666666666
2024_12_British_Grand_Prix,NOR,1.0,MEDIUM,British Grand Prix,1.0,27.0,27,93.6061111111111
2024_12_British_Grand_Prix,NOR,2.0,INTERMEDIATE,British Grand Prix,28.0,39.0,12,102.57650000000001
2024_12_British_Grand_Prix,NOR,3.0,SOFT,British Grand Prix,40.0,52.0,13,92.02484615384616
2024_12_British_Grand_Prix,OCO,1.0,SOFT,British Grand Prix,1.0,19.0,19,95.54226315789474
2024_12_British_Grand_Prix,OCO,2.0,INTERMEDIATE,British Grand Prix,20.0,21.0,2,110.38050000000001
2024_12_British_Grand_Prix,OCO,3.0,MEDIUM,British Grand Prix,22.0,26.0,5,106.9686
2024_12_British_Grand_Prix,OCO,4.0,INTERMEDIATE,British Grand Prix,27.0,38.0,12,104.62733333333334
2024_12_British_Grand_Prix,OCO,5.0,MEDIUM,British Grand Prix,39.0,50.0,12,94.27550000000001
2024_12_British_Grand_Prix,PER,1.0,HARD,British Grand Prix,1.0,19.0,19,94.37757894736842
2024_12_British_Grand_Prix,PER,2.0,INTERMEDIATE,British Grand Prix,20.0,28.0,9,108.20566666666667
2024_12_British_Grand_Prix,PER,3.0,INTERMEDIATE,British Grand Prix,29.0,37.0,9,105.09766666666667
2024_12_British_Grand_Prix,PER,4.0,MEDIUM,British Grand Prix,38.0,47.0,10,93.9586
2024_12_British_Grand_Prix,PER,5.0,SOFT,British Grand Prix,48.0,50.0,3,104.19133333333333
2024_12_British_Grand_Prix,PIA,1.0,MEDIUM,British Grand Prix,1.0,28.0,28,94.4959642857143
2024_12_British_Grand_Prix,PIA,2.0,INTERMEDIATE,British Grand Prix,29.0,38.0,10,103.68230000000001
2024_12_British_Grand_Prix,PIA,3.0,MEDIUM,British Grand Prix,39.0,52.0,14,91.19842857142858
2024_12_British_Grand_Prix,RIC,1.0,MEDIUM,British Grand Prix,1.0,26.0,26,95.28973076923077
2024_12_British_Grand_Prix,RIC,2.0,INTERMEDIATE,British Grand Prix,27.0,37.0,11,105.51809090909092
2024_12_British_Grand_Prix,RIC,3.0,SOFT,British Grand Prix,38.0,51.0,14,94.19742857142856
2024_12_British_Grand_Prix,RUS,1.0,MEDIUM,British Grand Prix,1.0,27.0,27,93.86981481481482
2024_12_British_Grand_Prix,RUS,2.0,INTERMEDIATE,British Grand Prix,28.0,33.0,6,106.19866666666667
2024_12_British_Grand_Prix,SAI,1.0,MEDIUM,British Grand Prix,1.0,26.0,26,93.6953076923077
2024_12_British_Grand_Prix,SAI,2.0,INTERMEDIATE,British Grand Prix,27.0,39.0,13,103.36392307692307
2024_12_British_Grand_Prix,SAI,3.0,HARD,British Grand Prix,40.0,50.0,11,92.15718181818183
2024_12_British_Grand_Prix,SAI,4.0,SOFT,British Grand Prix,51.0,52.0,2,100.4195
2024_12_British_Grand_Prix,SAR,1.0,MEDIUM,British Grand Prix,1.0,27.0,27,95.38537037037038
2024_12_British_Grand_Prix,SAR,2.0,INTERMEDIATE,British Grand Prix,28.0,38.0,11,105.6299090909091
2024_12_British_Grand_Prix,SAR,3.0,SOFT,British Grand Prix,39.0,52.0,14,92.76321428571428
2024_12_British_Grand_Prix,STR,1.0,MEDIUM,British Grand Prix,1.0,26.0,26,94.42580769230769
2024_12_British_Grand_Prix,STR,2.0,INTERMEDIATE,British Grand Prix,27.0,39.0,13,103.99061538461538
2024_12_British_Grand_Prix,STR,3.0,MEDIUM,British Grand Prix,40.0,52.0,13,92.05223076923077
2024_12_British_Grand_Prix,TSU,1.0,MEDIUM,British Grand Prix,1.0,27.0,27,95.053
2024_12_British_Grand_Prix,TSU,2.0,INTERMEDIATE,British Grand Prix,28.0,38.0,11,105.0139090909091
2024_12_British_Grand_Prix,TSU,3.0,SOFT,British Grand Prix,39.0,52.0,14,93.19842857142858
2024_12_British_Grand_Prix,VER,1.0,MEDIUM,British Grand Prix,1.0,26.0,26,93.64507692307691
2024_12_British_Grand_Prix,VER,2.0,INTERMEDIATE,British Grand Prix,27.0,38.0,12,102.78425
2024_12_British_Grand_Prix,VER,3.0,HARD,British Grand Prix,39.0,52.0,14,91.45292857142856
2024_12_British_Grand_Prix,ZHO,1.0,SOFT,British Grand Prix,1.0,12.0,12,95.06591666666667
2024_12_British_Grand_Prix,ZHO,2.0,MEDIUM,British Grand Prix,13.0,19.0,7,99.89085714285714
2024_12_British_Grand_Prix,ZHO,3.0,INTERMEDIATE,British Grand Prix,20.0,26.0,7,110.43842857142856
2024_12_British_Grand_Prix,ZHO,4.0,INTERMEDIATE,British Grand Prix,27.0,37.0,11,105.57254545454545
2024_12_British_Grand_Prix,ZHO,5.0,SOFT,British Grand Prix,38.0,50.0,13,94.39546153846155
2024_13_Hungarian_Grand_Prix,ALB,1.0,SOFT,Hungarian Grand Prix,1.0,6.0,6,87.73899999999999
2024_13_Hungarian_Grand_Prix,ALB,2.0,HARD,Hungarian Grand Prix,7.0,29.0,23,86.24591304347825
2024_13_Hungarian_Grand_Prix,ALB,3.0,HARD,Hungarian Grand Prix,30.0,69.0,40,85.2167
2024_13_Hungarian_Grand_Prix,ALO,1.0,SOFT,Hungarian Grand Prix,1.0,7.0,7,86.98157142857143
2024_13_Hungarian_Grand_Prix,ALO,2.0,MEDIUM,Hungarian Grand Prix,8.0,37.0,30,85.71526666666666
2024_13_Hungarian_Grand_Prix,ALO,3.0,HARD,Hungarian Grand Prix,38.0,70.0,33,84.36727272727272
2024_13_Hungarian_Grand_Prix,BOT,1.0,MEDIUM,Hungarian Grand Prix,1.0,16.0,16,86.33737500000001
2024_13_Hungarian_Grand_Prix,BOT,2.0,HARD,Hungarian Grand Prix,17.0,45.0,29,86.12755172413793
2024_13_Hungarian_Grand_Prix,BOT,3.0,HARD,Hungarian Grand Prix,46.0,69.0,24,85.34587499999999
2024_13_Hungarian_Grand_Prix,GAS,1.0,HARD,Hungarian Grand Prix,1.0,28.0,28,86.43439285714285
2024_13_Hungarian_Grand_Prix,GAS,2.0,MEDIUM,Hungarian Grand Prix,29.0,33.0,5,87.8184
2024_13_Hungarian_Grand_Prix,HAM,1.0,MEDIUM,Hungarian Grand Prix,1.0,16.0,16,84.9768125
2024_13_Hungarian_Grand_Prix,HAM,2.0,HARD,Hungarian Grand Prix,17.0,40.0,24,84.669125
2024_13_Hungarian_Grand_Prix,HAM,3.0,HARD,Hungarian Grand Prix,41.0,70.0,30,83.50603333333333
2024_13_Hungarian_Grand_Prix,HUL,1.0,MEDIUM,Hungarian Grand Prix,1.0,2.0,2,92.37100000000001
2024_13_Hungarian_Grand_Prix,HUL,2.0,HARD,Hungarian Grand Prix,3.0,29.0,27,86.0742962962963
2024_13_Hungarian_Grand_Prix,HUL,3.0,HARD,Hungarian Grand Prix,30.0,69.0,40,85.16062500000001
2024_13_Hungarian_Grand_Prix,LEC,1.0,MEDIUM,Hungarian Grand Prix,1.0,23.0,23,84.95278260869566
2024_13_Hungarian_Grand_Prix,LEC,2.0,HARD,Hungarian Grand Prix,24.0,40.0,17,84.65029411764706
2024_13_Hungarian_Grand_Prix,LEC,3.0,MEDIUM,Hungarian Grand Prix,41.0,70.0,30,83.62353333333334
2024_13_Hungarian_Grand_Prix,MAG,1.0,SOFT,Hungarian Grand Prix,1.0,6.0,6,87.87383333333334
2024_13_Hungarian_Grand_Prix,MAG,2.0,HARD,Hungarian Grand Prix,7.0,34.0,28,86.19032142857144
2024_13_Hungarian_Grand_Prix,MAG,3.0,HARD,Hungarian Grand Prix,35.0,69.0,35,85.33482857142857
2024_13_Hungarian_Grand_Prix,NOR,1.0,MEDIUM,Hungarian Grand Prix,1.0,17.0,17,84.615
2024_13_Hungarian_Grand_Prix,NOR,2.0,HARD,Hungarian Grand Prix,18.0,45.0,28,84.42049999999999
2024_13_Hungarian_Grand_Prix,NOR,3.0,MEDIUM,Hungarian Grand Prix,46.0,70.0,25,83.27604
2024_13_Hungarian_Grand_Prix,OCO,1.0,MEDIUM,Hungarian Grand Prix,1.0,6.0,6,88.42516666666667
2024_13_Hungarian_Grand_Prix,OCO,2.0,HARD,Hungarian Grand Prix,7.0,30.0,24,86.28037499999999
2024_13_Hungarian_Grand_Prix,OCO,3.0,HARD,Hungarian Grand Prix,31.0,64.0,34,85.55714705882352
2024_13_Hungarian_Grand_Prix,OCO,4.0,SOFT,Hungarian Grand Prix,65.0,69.0,5,86.539
2024_13_Hungarian_Grand_Prix,PER,1.0,HARD,Hungarian Grand Prix,1.0,28.0,28,85.97639285714286
2024_13_Hungarian_Grand_Prix,PER,2.0,MEDIUM,Hungarian Grand Prix,29.0,47.0,19,84.31363157894737
2024_13_Hungarian_Grand_Prix,PER,3.0,MEDIUM,Hungarian Grand Prix,48.0,70.0,23,83.15143478260869
2024_13_Hungarian_Grand_Prix,PIA,1.0,MEDIUM,Hungarian Grand Prix,1.0,18.0,18,84.40066666666667
2024_13_Hungarian_Grand_Prix,PIA,2.0,HARD,Hungarian Grand Prix,19.0,47.0,29,84.4553448275862
2024_13_Hungarian_Grand_Prix,PIA,3.0,MEDIUM,Hungarian Grand Prix,48.0,70.0,23,83.19878260869565
2024_13_Hungarian_Grand_Prix,RIC,1.0,MEDIUM,Hungarian Grand Prix,1.0,7.0,7,87.38728571428571
2024_13_Hungarian_Grand_Prix,RIC,2.0,HARD,Hungarian Grand Prix,8.0,28.0,21,86.4237619047619
2024_13_Hungarian_Grand_Prix,RIC,3.0,HARD,Hungarian Grand Prix,29.0,69.0,41,84.71470731707316
2024_13_Hungarian_Grand_Prix,RUS,1.0,HARD,Hungarian Grand Prix,1.0,33.0,33,85.85354545454545
2024_13_Hungarian_Grand_Prix,RUS,2.0,MEDIUM,Hungarian Grand Prix,34.0,53.0,20,83.7633
2024_13_Hungarian_Grand_Prix,RUS,3.0,HARD,Hungarian Grand Prix,54.0,70.0,17,83.28964705882353
2024_13_Hungarian_Grand_Prix,SAI,1.0,MEDIUM,Hungarian Grand Prix,1.0,21.0,21,85.25261904761905
2024_13_Hungarian_Grand_Prix,SAI,2.0,HARD,Hungarian Grand Prix,22.0,47.0,26,84.49923076923076
2024_13_Hungarian_Grand_Prix,SAI,3.0,MEDIUM,Hungarian Grand Prix,48.0,70.0,23,83.38160869565218
2024_13_Hungarian_Grand_Prix,SAR,1.0,MEDIUM,Hungarian Grand Prix,1.0,8.0,8,87.71825
2024_13_Hungarian_Grand_Prix,SAR,2.0,HARD,Hungarian Grand Prix,9.0,33.0,25,86.25796
2024_13_Hungarian_Grand_Prix,SAR,3.0,HARD,Hungarian Grand Prix,34.0,63.0,30,85.59646666666667
2024_13_Hungarian_Grand_Prix,SAR,4.0,SOFT,Hungarian Grand Prix,64.0,69.0,6,84.74849999999999
2024_13_Hungarian_Grand_Prix,STR,1.0,SOFT,Hungarian Grand Prix,1.0,14.0,14,86.09171428571429
2024_13_Hungarian_Grand_Prix,STR,2.0,MEDIUM,Hungarian Grand Prix,15.0,45.0,31,85.66303225806452
2024_13_Hungarian_Grand_Prix,STR,3.0,HARD,Hungarian Grand Prix,46.0,70.0,25,83.96508
2024_13_Hungarian_Grand_Prix,TSU,1.0,MEDIUM,Hungarian Grand Prix,1.0,29.0,29,85.90372413793104
2024_13_Hungarian_Grand_Prix,TSU,2.0,HARD,Hungarian Grand Prix,30.0,70.0,41,84.58634146341463
2024_13_Hungarian_Grand_Prix,VER,1.0,MEDIUM,Hungarian Grand Prix,1.0,21.0,21,84.83052380952381
2024_13_Hungarian_Grand_Prix,VER,2.0,HARD,Hungarian Grand Prix,22.0,49.0,28,84.45275000000001
2024_13_Hungarian_Grand_Prix,VER,3.0,MEDIUM,Hungarian Grand Prix,50.0,70.0,21,83.67714285714285
2024_13_Hungarian_Grand_Prix,ZHO,1.0,MEDIUM,Hungarian Grand Prix,1.0,7.0,7,88.35914285714286
2024_13_Hungarian_Grand_Prix,ZHO,2.0,HARD,Hungarian Grand Prix,8.0,36.0,29,86.48927586206896
2024_13_Hungarian_Grand_Prix,ZHO,3.0,HARD,Hungarian Grand Prix,37.0,69.0,33,85.42072727272728
2024_14_Belgian_Grand_Prix,ALB,1.0,MEDIUM,Belgian Grand Prix,1.0,8.0,8,112.141875
2024_14_Belgian_Grand_Prix,ALB,2.0,MEDIUM,Belgian Grand Prix,9.0,23.0,15,111.21853333333334
2024_14_Belgian_Grand_Prix,ALB,3.0,HARD,Belgian Grand Prix,24.0,44.0,21,109.29895238095237
2024_14_Belgian_Grand_Prix,ALO,1.0,MEDIUM,Belgian Grand Prix,1.0,13.0,13,111.53361538461537
2024_14_Belgian_Grand_Prix,ALO,2.0,MEDIUM,Belgian Grand Prix,14.0,44.0,31,109.58277419354837
2024_14_Belgian_Grand_Prix,BOT,1.0,MEDIUM,Belgian Grand Prix,1.0,11.0,11,112.13436363636364
2024_14_Belgian_Grand_Prix,BOT,2.0,HARD,Belgian Grand Prix,12.0,35.0,24,110.36970833333334
2024_14_Belgian_Grand_Prix,BOT,3.0,MEDIUM,Belgian Grand Prix,36.0,44.0,9,109.48077777777777
2024_14_Belgian_Grand_Prix,GAS,1.0,MEDIUM,Belgian Grand Prix,1.0,9.0,9,112.34633333333333
2024_14_Belgian_Grand_Prix,GAS,2.0,HARD,Belgian Grand Prix,10.0,28.0,19,110.84831578947369
2024_14_Belgian_Grand_Prix,GAS,3.0,HARD,Belgian Grand Prix,29.0,44.0,16,109.010625
2024_14_Belgian_Grand_Prix,HAM,1.0,MEDIUM,Belgian Grand Prix,1.0,11.0,11,110.29527272727273
2024_14_Belgian_Grand_Prix,HAM,2.0,HARD,Belgian Grand Prix,12.0,26.0,15,109.49393333333333
2024_14_Belgian_Grand_Prix,HAM,3.0,HARD,Belgian Grand Prix,27.0,44.0,18,107.88383333333334
2024_14_Belgian_Grand_Prix,HUL,1.0,MEDIUM,Belgian Grand Prix,1.0,7.0,7,113.09557142857143
2024_14_Belgian_Grand_Prix,HUL,2.0,HARD,Belgian Grand Prix,8.0,20.0,13,111.68900000000001
2024_14_Belgian_Grand_Prix,HUL,3.0,MEDIUM,Belgian Grand Prix,21.0,44.0,24,110.09362499999999
2024_14_Belgian_Grand_Prix,LEC,1.0,MEDIUM,Belgian Grand Prix,1.0,12.0,12,110.42358333333334
2024_14_Belgian_Grand_Prix,LEC,2.0,HARD,Belgian Grand Prix,13.0,25.0,13,109.65084615384616
2024_14_Belgian_Grand_Prix,LEC,3.0,HARD,Belgian Grand Prix,26.0,44.0,19,108.16026315789475
2024_14_Belgian_Grand_Prix,MAG,1.0,MEDIUM,Belgian Grand Prix,1.0,17.0,17,112.00523529411764
2024_14_Belgian_Grand_Prix,MAG,2.0,HARD,Belgian Grand Prix,18.0,44.0,27,109.61414814814815
2024_14_Belgian_Grand_Prix,NOR,1.0,MEDIUM,Belgian Grand Prix,1.0,15.0,15,110.7282
2024_14_Belgian_Grand_Prix,NOR,2.0,HARD,Belgian Grand Prix,16.0,29.0,14,109.24785714285714
2024_14_Belgian_Grand_Prix,NOR,3.0,HARD,Belgian Grand Prix,30.0,44.0,15,107.76646666666667
2024_14_Belgian_Grand_Prix,OCO,1.0,MEDIUM,Belgian Grand Prix,1.0,12.0,12,111.887
2024_14_Belgian_Grand_Prix,OCO,2.0,HARD,Belgian Grand Prix,13.0,30.0,18,110.18444444444444
2024_14_Belgian_Grand_Prix,OCO,3.0,HARD,Belgian Grand Prix,31.0,44.0,14,108.83057142857142
2024_14_Belgian_Grand_Prix,PER,1.0,MEDIUM,Belgian Grand Prix,1.0,11.0,11,110.74663636363636
2024_14_Belgian_Grand_Prix,PER,2.0,MEDIUM,Belgian Grand Prix,12.0,21.0,10,110.77650000000001
2024_14_Belgian_Grand_Prix,PER,3.0,HARD,Belgian Grand Prix,22.0,42.0,21,108.85871428571429
2024_14_Belgian_Grand_Prix,PER,4.0,SOFT,Belgian Grand Prix,43.0,44.0,2,114.112
2024_14_Belgian_Grand_Prix,PIA,1.0,MEDIUM,Belgian Grand Prix,1.0,11.0,11,110.83336363636363
2024_14_Belgian_Grand_Prix,PIA,2.0,HARD,Belgian Grand Prix,12.0,30.0,19,108.99784210526315
2024_14_Belgian_Grand_Prix,PIA,3.0,HARD,Belgian Grand Prix,31.0,44.0,14,107.7205
2024_14_Belgian_Grand_Prix,RIC,1.0,SOFT,Belgian Grand Prix,1.0,8.0,8,112.61075
2024_14_Belgian_Grand_Prix,RIC,2.0,MEDIUM,Belgian Grand Prix,9.0,21.0,13,111.1973076923077
2024_14_Belgian_Grand_Prix,RIC,3.0,SOFT,Belgian Grand Prix,22.0,44.0,23,108.9354347826087
2024_14_Belgian_Grand_Prix,RUS,1.0,MEDIUM,Belgian Grand Prix,1.0,10.0,10,111.0521
2024_14_Belgian_Grand_Prix,RUS,2.0,HARD,Belgian Grand Prix,11.0,44.0,34,108.4270294117647
2024_14_Belgian_Grand_Prix,SAI,1.0,HARD,Belgian Grand Prix,1.0,20.0,20,110.23795
2024_14_Belgian_Grand_Prix,SAI,2.0,MEDIUM,Belgian Grand Prix,21.0,28.0,8,110.463375
2024_14_Belgian_Grand_Prix,SAI,3.0,HARD,Belgian Grand Prix,29.0,44.0,16,108.0230625
2024_14_Belgian_Grand_Prix,SAR,1.0,MEDIUM,Belgian Grand Prix,1.0,8.0,8,113.288875
2024_14_Belgian_Grand_Prix,SAR,2.0,MEDIUM,Belgian Grand Prix,9.0,24.0,16,111.952375
2024_14_Belgian_Grand_Prix,SAR,3.0,HARD,Belgian Grand Prix,25.0,44.0,20,109.27739999999999
2024_14_Belgian_Grand_Prix,STR,1.0,MEDIUM,Belgian Grand Prix,1.0,12.0,12,112.19175
2024_14_Belgian_Grand_Prix,STR,2.0,MEDIUM,Belgian Grand Prix,13.0,44.0,32,109.8046875
2024_14_Belgian_Grand_Prix,TSU,1.0,MEDIUM,Belgian Grand Prix,1.0,15.0,15,112.46046666666666
2024_14_Belgian_Grand_Prix,TSU,2.0,SOFT,Belgian Grand Prix,16.0,44.0,29,109.89206896551724
2024_14_Belgian_Grand_Prix,VER,1.0,MEDIUM,Belgian Grand Prix,1.0,10.0,10,111.29220000000001
2024_14_Belgian_Grand_Prix,VER,2.0,HARD,Belgian Grand Prix,11.0,28.0,18,109.39527777777778
2024_14_Belgian_Grand_Prix,VER,3.0,MEDIUM,Belgian Grand Prix,29.0,44.0,16,107.7643125
2024_14_Belgian_Grand_Prix,ZHO,1.0,HARD,Belgian Grand Prix,1.0,5.0,4,119.80725000000001
2024_15_Dutch_Grand_Prix,ALB,1.0,MEDIUM,Dutch Grand Prix,1.0,12.0,12,78.8455
2024_15_Dutch_Grand_Prix,ALB,2.0,HARD,Dutch Grand Prix,13.0,54.0,42,77.24371428571428
2024_15_Dutch_Grand_Prix,ALB,3.0,MEDIUM,Dutch Grand Prix,55.0,71.0,17,76.22635294117647
2024_15_Dutch_Grand_Prix,ALO,1.0,MEDIUM,Dutch Grand Prix,1.0,31.0,31,77.71709677419355
2024_15_Dutch_Grand_Prix,ALO,2.0,HARD,Dutch Grand Prix,32.0,71.0,40,76.24555000000001
2024_15_Dutch_Grand_Prix,BOT,1.0,SOFT,Dutch Grand Prix,1.0,15.0,15,78.659
2024_15_Dutch_Grand_Prix,BOT,2.0,HARD,Dutch Grand Prix,16.0,43.0,28,77.93271428571428
2024_15_Dutch_Grand_Prix,BOT,3.0,MEDIUM,Dutch Grand Prix,44.0,70.0,27,77.28762962962963
2024_15_Dutch_Grand_Prix,GAS,1.0,MEDIUM,Dutch Grand Prix,1.0,32.0,32,77.53753125
2024_15_Dutch_Grand_Prix,GAS,2.0,HARD,Dutch Grand Prix,33.0,71.0,39,76.22876923076923
2024_15_Dutch_Grand_Prix,HAM,1.0,SOFT,Dutch Grand Prix,1.0,23.0,23,77.65034782608696
2024_15_Dutch_Grand_Prix,HAM,2.0,HARD,Dutch Grand Prix,24.0,48.0,25,76.16708
2024_15_Dutch_Grand_Prix,HAM,3.0,SOFT,Dutch Grand Prix,49.0,72.0,24,75.207625
2024_15_Dutch_Grand_Prix,HUL,1.0,MEDIUM,Dutch Grand Prix,1.0,14.0,14,78.27671428571429
2024_15_Dutch_Grand_Prix,HUL,2.0,HARD,Dutch Grand Prix,15.0,71.0,57,76.64664912280702
2024_15_Dutch_Grand_Prix,LEC,1.0,MEDIUM,Dutch Grand Prix,1.0,24.0,24,76.94975000000001
2024_15_Dutch_Grand_Prix,LEC,2.0,HARD,Dutch Grand Prix,25.0,72.0,48,75.50341666666667
2024_15_Dutch_Grand_Prix,MAG,1.0,HARD,Dutch Grand Prix,1.0,40.0,40,78.010775
2024_15_Dutch_Grand_Prix,MAG,2.0,MEDIUM,Dutch Grand Prix,41.0,71.0,31,77.12241935483871
2024_15_Dutch_Grand_Prix,NOR,1.0,MEDIUM,Dutch Grand Prix,1.0,28.0,28,76.37260714285715
2024_15_Dutch_Grand_Prix,NOR,2.0,HARD,Dutch Grand Prix,29.0,72.0,44,75.16104545454544
2024_15_Dutch_Grand_Prix,OCO,1.0,MEDIUM,Dutch Grand Prix,1.0,30.0,30,78.23576666666666
2024_15_Dutch_Grand_Prix,OCO,2.0,HARD,Dutch Grand Prix,31.0,71.0,41,76.71521951219512
2024_15_Dutch_Grand_Prix,PER,1.0,MEDIUM,Dutch Grand Prix,1.0,29.0,29,77.00144827586206
2024_15_Dutch_Grand_Prix,PER,2.0,HARD,Dutch Grand Prix,30.0,72.0,43,75.6283488372093
2024_15_Dutch_Grand_Prix,PIA,1.0,MEDIUM,Dutch Grand Prix,1.0,33.0,33,76.732
2024_15_Dutch_Grand_Prix,PIA,2.0,HARD,Dutch Grand Prix,34.0,72.0,39,75.4025641025641
2024_15_Dutch_Grand_Prix,RIC,1.0,MEDIUM,Dutch Grand Prix,1.0,29.0,29,77.98731034482759
2024_15_Dutch_Grand_Prix,RIC,2.0,HARD,Dutch Grand Prix,30.0,71.0,42,76.30842857142858
2024_15_Dutch_Grand_Prix,RUS,1.0,MEDIUM,Dutch Grand Prix,1.0,25.0,25,76.85888
2024_15_Dutch_Grand_Prix,RUS,2.0,HARD,Dutch Grand Prix,26.0,54.0,29,76.24962068965517
2024_15_Dutch_Grand_Prix,RUS,3.0,SOFT,Dutch Grand Prix,55.0,72.0,18,75.4125
2024_15_Dutch_Grand_Prix,SAI,1.0,MEDIUM,Dutch Grand Prix,1.0,30.0,30,77.04209999999999
2024_15_Dutch_Grand_Prix,SAI,2.0,HARD,Dutch Grand Prix,31.0,72.0,42,75.39030952380952
2024_15_Dutch_Grand_Prix,SAR,1.0,MEDIUM,Dutch Grand Prix,1.0,22.0,22,78.654
2024_15_Dutch_Grand_Prix,SAR,2.0,HARD,Dutch Grand Prix,23.0,71.0,49,77.13612244897959
2024_15_Dutch_Grand_Prix,STR,1.0,MEDIUM,Dutch Grand Prix,1.0,30.0,30,77.84143333333333
2024_15_Dutch_Grand_Prix,STR,2.0,HARD,Dutch Grand Prix,31.0,71.0,41,76.36556097560975
2024_15_Dutch_Grand_Prix,TSU,1.0,SOFT,Dutch Grand Prix,1.0,14.0,14,78.34157142857143
2024_15_Dutch_Grand_Prix,TSU,2.0,MEDIUM,Dutch Grand Prix,15.0,32.0,18,77.97944444444445
2024_15_Dutch_Grand_Prix,TSU,3.0,HARD,Dutch Grand Prix,33.0,71.0,39,77.18597435897436
2024_15_Dutch_Grand_Prix,VER,1.0,MEDIUM,Dutch Grand Prix,1.0,27.0,27,76.62933333333334
2024_15_Dutch_Grand_Prix,VER,2.0,HARD,Dutch Grand Prix,28.0,72.0,45,75.54273333333335
2024_15_Dutch_Grand_Prix,ZHO,1.0,MEDIUM,Dutch Grand Prix,1.0,18.0,18,79.04905555555555
2024_15_Dutch_Grand_Prix,ZHO,2.0,HARD,Dutch Grand Prix,19.0,51.0,33,78.30663636363637
2024_15_Dutch_Grand_Prix,ZHO,3.0,SOFT,Dutch Grand Prix,52.0,70.0,19,77.60715789473684
2024_16_Italian_Grand_Prix,ALB,1.0,MEDIUM,Italian Grand Prix,1.0,17.0,17,86.72517647058824
2024_16_Italian_Grand_Prix,ALB,2.0,HARD,Italian Grand Prix,18.0,53.0,36,85.3848611111111
2024_16_Italian_Grand_Prix,ALO,1.0,MEDIUM,Italian Grand Prix,1.0,12.0,12,86.96158333333334
2024_16_Italian_Grand_Prix,ALO,2.0,HARD,Italian Grand Prix,13.0,35.0,23,86.13104347826086
2024_16_Italian_Grand_Prix,ALO,3.0,HARD,Italian Grand Prix,36.0,53.0,18,84.70383333333334
2024_16_Italian_Grand_Prix,BOT,1.0,HARD,Italian Grand Prix,1.0,33.0,33,87.094
2024_16_Italian_Grand_Prix,BOT,2.0,MEDIUM,Italian Grand Prix,34.0,52.0,19,85.99136842105263
2024_16_Italian_Grand_Prix,COL,1.0,MEDIUM,Italian Grand Prix,1.0,16.0,16,87.51112499999999
2024_16_Italian_Grand_Prix,COL,2.0,HARD,Italian Grand Prix,17.0,53.0,37,85.4555945945946
2024_16_Italian_Grand_Prix,GAS,1.0,MEDIUM,Italian Grand Prix,1.0,10.0,10,87.78909999999999
2024_16_Italian_Grand_Prix,GAS,2.0,HARD,Italian Grand Prix,11.0,30.0,20,86.8752
2024_16_Italian_Grand_Prix,GAS,3.0,HARD,Italian Grand Prix,31.0,52.0,22,85.62163636363636
2024_16_Italian_Grand_Prix,HAM,1.0,MEDIUM,Italian Grand Prix,1.0,15.0,15,85.87733333333334
2024_16_Italian_Grand_Prix,HAM,2.0,HARD,Italian Grand Prix,16.0,37.0,22,85.11877272727273
2024_16_Italian_Grand_Prix,HAM,3.0,HARD,Italian Grand Prix,38.0,53.0,16,83.923375
2024_16_Italian_Grand_Prix,HUL,1.0,MEDIUM,Italian Grand Prix,1.0,5.0,5,89.547
2024_16_Italian_Grand_Prix,HUL,2.0,HARD,Italian Grand Prix,6.0,32.0,27,86.93674074074073
2024_16_Italian_Grand_Prix,HUL,3.0,HARD,Italian Grand Prix,33.0,52.0,20,85.82849999999999
2024_16_Italian_Grand_Prix,LEC,1.0,MEDIUM,Italian Grand Prix,1.0,15.0,15,85.44773333333333
2024_16_Italian_Grand_Prix,LEC,2.0,HARD,Italian Grand Prix,16.0,53.0,38,84.1845
2024_16_Italian_Grand_Prix,MAG,1.0,MEDIUM,Italian Grand Prix,1.0,14.0,14,86.99464285714285
2024_16_Italian_Grand_Prix,MAG,2.0,HARD,Italian Grand Prix,15.0,53.0,39,85.15651282051282
2024_16_Italian_Grand_Prix,NOR,1.0,MEDIUM,Italian Grand Prix,1.0,14.0,14,85.44914285714286
2024_16_Italian_Grand_Prix,NOR,2.0,HARD,Italian Grand Prix,15.0,32.0,18,85.13955555555555
2024_16_Italian_Grand_Prix,NOR,3.0,HARD,Italian Grand Prix,33.0,53.0,21,83.71809523809523
2024_16_Italian_Grand_Prix,OCO,1.0,HARD,Italian Grand Prix,1.0,31.0,31,86.76748387096774
2024_16_Italian_Grand_Prix,OCO,2.0,MEDIUM,Italian Grand Prix,32.0,52.0,21,85.88542857142858
2024_16_Italian_Grand_Prix,PER,1.0,HARD,Italian Grand Prix,1.0,23.0,23,85.88969565217391
2024_16_Italian_Grand_Prix,PER,2.0,HARD,Italian Grand Prix,24.0,35.0,12,86.00508333333333
2024_16_Italian_Grand_Prix,PER,3.0,MEDIUM,Italian Grand Prix,36.0,53.0,18,84.85283333333332
2024_16_Italian_Grand_Prix,PIA,1.0,MEDIUM,Italian Grand Prix,1.0,16.0,16,85.201
2024_16_Italian_Grand_Prix,PIA,2.0,HARD,Italian Grand Prix,17.0,38.0,22,84.65090909090908
2024_16_Italian_Grand_Prix,PIA,3.0,HARD,Italian Grand Prix,39.0,53.0,15,83.857
2024_16_Italian_Grand_Prix,RIC,1.0,MEDIUM,Italian Grand Prix,1.0,11.0,11,87.37281818181818
2024_16_Italian_Grand_Prix,RIC,2.0,HARD,Italian Grand Prix,12.0,53.0,42,85.6685238095238
2024_16_Italian_Grand_Prix,RUS,1.0,MEDIUM,Italian Grand Prix,1.0,11.0,11,86.5160909090909
2024_16_Italian_Grand_Prix,RUS,2.0,HARD,Italian Grand Prix,12.0,33.0,22,85.87777272727273
2024_16_Italian_Grand_Prix,RUS,3.0,HARD,Italian Grand Prix,34.0,53.0,20,83.9727
2024_16_Italian_Grand_Prix,SAI,1.0,MEDIUM,Italian Grand Prix,1.0,19.0,19,85.64247368421051
2024_16_Italian_Grand_Prix,SAI,2.0,HARD,Italian Grand Prix,20.0,53.0,34,84.3865
2024_16_Italian_Grand_Prix,STR,1.0,HARD,Italian Grand Prix,1.0,19.0,19,87.20063157894737
2024_16_Italian_Grand_Prix,STR,2.0,HARD,Italian Grand Prix,20.0,36.0,17,86.40717647058824
2024_16_Italian_Grand_Prix,STR,3.0,MEDIUM,Italian Grand Prix,37.0,50.0,14,86.09207142857143
2024_16_Italian_Grand_Prix,STR,4.0,SOFT,Italian Grand Prix,51.0,52.0,2,96.606
2024_16_Italian_Grand_Prix,TSU,1.0,HARD,Italian Grand Prix,1.0,7.0,7,90.95271428571428
2024_16_Italian_Grand_Prix,VER,1.0,HARD,Italian Grand Prix,1.0,22.0,22,85.747
2024_16_Italian_Grand_Prix,VER,2.0,HARD,Italian Grand Prix,23.0,41.0,19,85.13563157894737
2024_16_Italian_Grand_Prix,VER,3.0,MEDIUM,Italian Grand Prix,42.0,53.0,12,84.554
2024_16_Italian_Grand_Prix,ZHO,1.0,MEDIUM,Italian Grand Prix,1.0,15.0,15,87.85913333333333
2024_16_Italian_Grand_Prix,ZHO,2.0,HARD,Italian Grand Prix,16.0,52.0,37,86.56472972972973
2024_17_Azerbaijan_Grand_Prix,ALB,1.0,HARD,Azerbaijan Grand Prix,1.0,31.0,31,109.8546129032258
2024_17_Azerbaijan_Grand_Prix,ALB,2.0,MEDIUM,Azerbaijan Grand Prix,32.0,50.0,19,110.90684210526315
2024_17_Azerbaijan_Grand_Prix,ALO,1.0,MEDIUM,Azerbaijan Grand Prix,1.0,11.0,11,110.76836363636363
2024_17_Azerbaijan_Grand_Prix,ALO,2.0,HARD,Azerbaijan Grand Prix,12.0,50.0,39,110.0704358974359
2024_17_Azerbaijan_Grand_Prix,BEA,1.0,MEDIUM,Azerbaijan Grand Prix,1.0,14.0,14,111.45071428571428
2024_17_Azerbaijan_Grand_Prix,BEA,2.0,HARD,Azerbaijan Grand Prix,15.0,50.0,36,109.93263888888889
2024_17_Azerbaijan_Grand_Prix,BOT,1.0,MEDIUM,Azerbaijan Grand Prix,1.0,11.0,11,113.82336363636364
2024_17_Azerbaijan_Grand_Prix,BOT,2.0,HARD,Azerbaijan Grand Prix,12.0,49.0,38,110.49984210526316
2024_17_Azerbaijan_Grand_Prix,COL,1.0,MEDIUM,Azerbaijan Grand Prix,1.0,10.0,10,111.0454
2024_17_Azerbaijan_Grand_Prix,COL,2.0,HARD,Azerbaijan Grand Prix,11.0,50.0,40,110.10207499999999
2024_17_Azerbaijan_Grand_Prix,GAS,1.0,HARD,Azerbaijan Grand Prix,1.0,50.0,50,110.61432
2024_17_Azerbaijan_Grand_Prix,HAM,1.0,MEDIUM,Azerbaijan Grand Prix,1.0,12.0,12,112.06458333333335
2024_17_Azerbaijan_Grand_Prix,HAM,2.0,HARD,Azerbaijan Grand Prix,13.0,50.0,38,109.78568421052631
2024_17_Azerbaijan_Grand_Prix,HUL,1.0,MEDIUM,Azerbaijan Grand Prix,1.0,15.0,15,111.2064
2024_17_Azerbaijan_Grand_Prix,HUL,2.0,HARD,Azerbaijan Grand Prix,16.0,50.0,35,110.0439142857143
2024_17_Azerbaijan_Grand_Prix,LEC,1.0,MEDIUM,Azerbaijan Grand Prix,1.0,16.0,16,108.988625
2024_17_Azerbaijan_Grand_Prix,LEC,2.0,HARD,Azerbaijan Grand Prix,17.0,50.0,34,108.53158823529412
2024_17_Azerbaijan_Grand_Prix,NOR,1.0,HARD,Azerbaijan Grand Prix,1.0,37.0,37,109.5075945945946
2024_17_Azerbaijan_Grand_Prix,NOR,2.0,MEDIUM,Azerbaijan Grand Prix,38.0,50.0,13,108.47615384615385
2024_17_Azerbaijan_Grand_Prix,OCO,1.0,HARD,Azerbaijan Grand Prix,1.0,49.0,49,110.88244897959183
2024_17_Azerbaijan_Grand_Prix,PER,1.0,MEDIUM,Azerbaijan Grand Prix,1.0,13.0,13,109.42884615384615
2024_17_Azerbaijan_Grand_Prix,PER,2.0,HARD,Azerbaijan Grand Prix,14.0,49.0,36,108.29508333333334
2024_17_Azerbaijan_Grand_Prix,PIA,1.0,MEDIUM,Azerbaijan Grand Prix,1.0,15.0,15,109.29306666666666
2024_17_Azerbaijan_Grand_Prix,PIA,2.0,HARD,Azerbaijan Grand Prix,16.0,50.0,35,108.15077142857143
2024_17_Azerbaijan_Grand_Prix,RIC,1.0,HARD,Azerbaijan Grand Prix,1.0,49.0,49,110.26922448979592
2024_17_Azerbaijan_Grand_Prix,RUS,1.0,MEDIUM,Azerbaijan Grand Prix,1.0,12.0,12,110.45400000000001
2024_17_Azerbaijan_Grand_Prix,RUS,2.0,HARD,Azerbaijan Grand Prix,13.0,50.0,38,108.70913157894738
2024_17_Azerbaijan_Grand_Prix,SAI,1.0,MEDIUM,Azerbaijan Grand Prix,1.0,17.0,17,109.52641176470588
2024_17_Azerbaijan_Grand_Prix,SAI,2.0,HARD,Azerbaijan Grand Prix,18.0,49.0,32,108.11934375
2024_17_Azerbaijan_Grand_Prix,STR,1.0,MEDIUM,Azerbaijan Grand Prix,1.0,1.0,1,131.014
2024_17_Azerbaijan_Grand_Prix,STR,2.0,HARD,Azerbaijan Grand Prix,2.0,22.0,21,111.29214285714286
2024_17_Azerbaijan_Grand_Prix,STR,3.0,HARD,Azerbaijan Grand Prix,23.0,45.0,23,110.1274347826087
2024_17_Azerbaijan_Grand_Prix,TSU,1.0,MEDIUM,Azerbaijan Grand Prix,1.0,12.0,12,113.73433333333332
2024_17_Azerbaijan_Grand_Prix,TSU,2.0,HARD,Azerbaijan Grand Prix,13.0,14.0,2,128.9195
2024_17_Azerbaijan_Grand_Prix,VER,1.0,MEDIUM,Azerbaijan Grand Prix,1.0,12.0,12,110.116
2024_17_Azerbaijan_Grand_Prix,VER,2.0,HARD,Azerbaijan Grand Prix,13.0,49.0,37,108.72162162162162
2024_17_Azerbaijan_Grand_Prix,ZHO,1.0,HARD,Azerbaijan Grand Prix,1.0,34.0,34,111.26429411764705
2024_17_Azerbaijan_Grand_Prix,ZHO,2.0,MEDIUM,Azerbaijan Grand Prix,35.0,49.0,15,109.32633333333334
2024_18_Singapore_Grand_Prix,ALB,1.0,MEDIUM,Singapore Grand Prix,1.0,11.0,11,101.25190909090908
2024_18_Singapore_Grand_Prix,ALB,2.0,HARD,Singapore Grand Prix,12.0,15.0,4,111.733
2024_18_Singapore_Grand_Prix,ALO,1.0,MEDIUM,Singapore Grand Prix,1.0,25.0,25,99.68263999999999
2024_18_Singapore_Grand_Prix,ALO,2.0,HARD,Singapore Grand Prix,26.0,61.0,36,98.92716666666666
2024_18_Singapore_Grand_Prix,BOT,1.0,HARD,Singapore Grand Prix,1.0,33.0,33,101.01381818181818
2024_18_Singapore_Grand_Prix,BOT,2.0,MEDIUM,Singapore Grand Prix,34.0,61.0,28,99.17657142857142
2024_18_Singapore_Grand_Prix,COL,1.0,MEDIUM,Singapore Grand Prix,1.0,29.0,29,99.76789655172414
2024_18_Singapore_Grand_Prix,COL,2.0,HARD,Singapore Grand Prix,30.0,61.0,32,98.92456250000001
2024_18_Singapore_Grand_Prix,GAS,1.0,MEDIUM,Singapore Grand Prix,1.0,37.0,37,100.95659459459459
2024_18_Singapore_Grand_Prix,GAS,2.0,SOFT,Singapore Grand Prix,38.0,61.0,24,99.00983333333333
2024_18_Singapore_Grand_Prix,HAM,1.0,SOFT,Singapore Grand Prix,1.0,17.0,17,99.16311764705881
2024_18_Singapore_Grand_Prix,HAM,2.0,HARD,Singapore Grand Prix,18.0,62.0,45,98.93435555555556
2024_18_Singapore_Grand_Prix,HUL,1.0,MEDIUM,Singapore Grand Prix,1.0,29.0,29,99.69462068965518
2024_18_Singapore_Grand_Prix,HUL,2.0,HARD,Singapore Grand Prix,30.0,61.0,32,98.89271875
2024_18_Singapore_Grand_Prix,LEC,1.0,MEDIUM,Singapore Grand Prix,1.0,36.0,36,99.45469444444444
2024_18_Singapore_Grand_Prix,LEC,2.0,HARD,Singapore Grand Prix,37.0,62.0,26,97.48584615384615
2024_18_Singapore_Grand_Prix,MAG,1.0,HARD,Singapore Grand Prix,1.0,28.0,28,100.65439285714285
2024_18_Singapore_Grand_Prix,MAG,2.0,MEDIUM,Singapore Grand Prix,29.0,48.0,20,99.71849999999999
2024_18_Singapore_Grand_Prix,MAG,3.0,SOFT,Singapore Grand Prix,50.0,57.0,8,103.569125
2024_18_Singapore_Grand_Prix,NOR,1.0,MEDIUM,Singapore Grand Prix,1.0,30.0,30,97.86193333333334
2024_18_Singapore_Grand_Prix,NOR,2.0,HARD,Singapore Grand Prix,31.0,62.0,32,97.39728124999999
2024_18_Singapore_Grand_Prix,OCO,1.0,MEDIUM,Singapore Grand Prix,1.0,29.0,29,100.46310344827586
2024_18_Singapore_Grand_Prix,OCO,2.0,HARD,Singapore Grand Prix,30.0,61.0,32,99.4733125
2024_18_Singapore_Grand_Prix,PER,1.0,MEDIUM,Singapore Grand Prix,1.0,28.0,28,99.89678571428571
2024_18_Singapore_Grand_Prix,PER,2.0,HARD,Singapore Grand Prix,29.0,61.0,33,98.79045454545455
2024_18_Singapore_Grand_Prix,PIA,1.0,MEDIUM,Singapore Grand Prix,1.0,38.0,38,98.7731052631579
2024_18_Singapore_Grand_Prix,PIA,2.0,HARD,Singapore Grand Prix,39.0,62.0,24,97.54233333333333
2024_18_Singapore_Grand_Prix,RIC,1.0,SOFT,Singapore Grand Prix,1.0,10.0,10,101.7167
2024_18_Singapore_Grand_Prix,RIC,2.0,MEDIUM,Singapore Grand Prix,11.0,46.0,36,100.34875
2024_18_Singapore_Grand_Prix,RIC,3.0,SOFT,Singapore Grand Prix,47.0,58.0,12,99.97733333333333
2024_18_Singapore_Grand_Prix,RIC,4.0,SOFT,Singapore Grand Prix,59.0,61.0,3,104.30566666666668
2024_18_Singapore_Grand_Prix,RUS,1.0,MEDIUM,Singapore Grand Prix,1.0,27.0,27,98.99674074074073
2024_18_Singapore_Grand_Prix,RUS,2.0,HARD,Singapore Grand Prix,28.0,62.0,35,98.30568571428572
2024_18_Singapore_Grand_Prix,SAI,1.0,MEDIUM,Singapore Grand Prix,1.0,13.0,13,100.63338461538461
2024_18_Singapore_Grand_Prix,SAI,2.0,HARD,Singapore Grand Prix,14.0,62.0,49,98.7831836734694
2024_18_Singapore_Grand_Prix,STR,1.0,HARD,Singapore Grand Prix,1.0,26.0,26,100.86742307692307
2024_18_Singapore_Grand_Prix,STR,2.0,MEDIUM,Singapore Grand Prix,27.0,61.0,35,99.35968571428572
2024_18_Singapore_Grand_Prix,TSU,1.0,MEDIUM,Singapore Grand Prix,1.0,33.0,33,100.15587878787879
2024_18_Singapore_Grand_Prix,TSU,2.0,SOFT,Singapore Grand Prix,34.0,61.0,28,98.43639285714286
2024_18_Singapore_Grand_Prix,VER,1.0,MEDIUM,Singapore Grand Prix,1.0,29.0,29,98.60313793103448
2024_18_Singapore_Grand_Prix,VER,2.0,HARD,Singapore Grand Prix,30.0,62.0,33,97.39469696969697
2024_18_Singapore_Grand_Prix,ZHO,1.0,HARD,Singapore Grand Prix,1.0,34.0,34,100.94870588235294
2024_18_Singapore_Grand_Prix,ZHO,2.0,MEDIUM,Singapore Grand Prix,35.0,61.0,27,99.16796296296296
2024_19_United_States_Grand_Prix,ALB,1.0,MEDIUM,United States Grand Prix,1.0,3.0,3,117.50366666666667
2024_19_United_States_Grand_Prix,ALB,2.0,MEDIUM,United States Grand Prix,5.0,33.0,29,103.5074827586207
2024_19_United_States_Grand_Prix,ALB,3.0,HARD,United States Grand Prix,34.0,55.0,22,100.78927272727273
2024_19_United_States_Grand_Prix,ALO,1.0,MEDIUM,United States Grand Prix,1.0,26.0,25,105.33092
2024_19_United_States_Grand_Prix,ALO,2.0,HARD,United States Grand Prix,27.0,55.0,29,100.81220689655173
2024_19_United_States_Grand_Prix,BOT,1.0,MEDIUM,United States Grand Prix,1.0,15.0,14,108.69935714285714
2024_19_United_States_Grand_Prix,BOT,2.0,HARD,United States Grand Prix,16.0,55.0,40,101.795975
2024_19_United_States_Grand_Prix,COL,1.0,HARD,United States Grand Prix,1.0,39.0,38,103.64071052631579
2024_19_United_States_Grand_Prix,COL,2.0,MEDIUM,United States Grand Prix,40.0,56.0,17,99.55541176470588
2024_19_United_States_Grand_Prix,GAS,1.0,MEDIUM,United States Grand Prix,1.0,18.0,17,106.00394117647059
2024_19_United_States_Grand_Prix,GAS,2.0,HARD,United States Grand Prix,19.0,56.0,38,100.86639473684211
2024_19_United_States_Grand_Prix,HAM,1.0,HARD,United States Grand Prix,1.0,1.0,1,108.064
2024_19_United_States_Grand_Prix,HUL,1.0,MEDIUM,United States Grand Prix,1.0,27.0,26,104.61396153846152
2024_19_United_States_Grand_Prix,HUL,2.0,HARD,United States Grand Prix,28.0,56.0,29,99.96606896551724
2024_19_United_States_Grand_Prix,LAW,1.0,HARD,United States Grand Prix,1.0,36.0,34,102.4650294117647
2024_19_United_States_Grand_Prix,LAW,2.0,MEDIUM,United States Grand Prix,37.0,56.0,20,99.75975
2024_19_United_States_Grand_Prix,LEC,1.0,MEDIUM,United States Grand Prix,1.0,26.0,24,100.56075
2024_19_United_States_Grand_Prix,LEC,2.0,HARD,United States Grand Prix,27.0,56.0,30,99.2064
2024_19_United_States_Grand_Prix,MAG,1.0,MEDIUM,United States Grand Prix,1.0,17.0,15,103.55313333333334
2024_19_United_States_Grand_Prix,MAG,2.0,HARD,United States Grand Prix,18.0,38.0,21,101.33204761904761
2024_19_United_States_Grand_Prix,MAG,3.0,MEDIUM,United States Grand Prix,39.0,56.0,18,99.89177777777778
2024_19_United_States_Grand_Prix,NOR,1.0,MEDIUM,United States Grand Prix,1.0,31.0,29,101.00241379310346
2024_19_United_States_Grand_Prix,NOR,2.0,HARD,United States Grand Prix,32.0,56.0,25,99.17936
2024_19_United_States_Grand_Prix,OCO,1.0,MEDIUM,United States Grand Prix,1.0,31.0,30,104.97846666666666
2024_19_United_States_Grand_Prix,OCO,2.0,HARD,United States Grand Prix,32.0,51.0,20,101.23179999999999
2024_19_United_States_Grand_Prix,OCO,3.0,SOFT,United States Grand Prix,52.0,55.0,4,106.773
2024_19_United_States_Grand_Prix,PER,1.0,MEDIUM,United States Grand Prix,1.0,26.0,24,102.66362500000001
2024_19_United_States_Grand_Prix,PER,2.0,HARD,United States Grand Prix,27.0,56.0,30,99.95363333333333
2024_19_United_States_Grand_Prix,PIA,1.0,MEDIUM,United States Grand Prix,1.0,32.0,31,102.79325806451612
2024_19_United_States_Grand_Prix,PIA,2.0,HARD,United States Grand Prix,33.0,56.0,24,99.19645833333334
2024_19_United_States_Grand_Prix,RUS,1.0,HARD,United States Grand Prix,1.0,40.0,39,103.05297435897435
2024_19_United_States_Grand_Prix,RUS,2.0,MEDIUM,United States Grand Prix,41.0,56.0,16,99.7966875
2024_19_United_States_Grand_Prix,SAI,1.0,MEDIUM,United States Grand Prix,1.0,21.0,19,101.45552631578947
2024_19_United_States_Grand_Prix,SAI,2.0,HARD,United States Grand Prix,22.0,56.0,35,99.20645714285715
2024_19_United_States_Grand_Prix,STR,1.0,HARD,United States Grand Prix,1.0,27.0,25,103.84464
2024_19_United_States_Grand_Prix,STR,2.0,MEDIUM,United States Grand Prix,28.0,55.0,28,100.99964285714285
2024_19_United_States_Grand_Prix,TSU,1.0,MEDIUM,United States Grand Prix,1.0,18.0,16,103.8428125
2024_19_United_States_Grand_Prix,TSU,2.0,HARD,United States Grand Prix,19.0,55.0,37,101.20502702702703
2024_19_United_States_Grand_Prix,VER,1.0,MEDIUM,United States Grand Prix,1.0,25.0,23,101.12747826086955
2024_19_United_States_Grand_Prix,VER,2.0,HARD,United States Grand Prix,26.0,56.0,31,99.48387096774194
2024_19_United_States_Grand_Prix,ZHO,1.0,MEDIUM,United States Grand Prix,1.0,13.0,13,113.49623076923078
2024_19_United_States_Grand_Prix,ZHO,2.0,MEDIUM,United States Grand Prix,14.0,35.0,22,102.57536363636363
2024_19_United_States_Grand_Prix,ZHO,3.0,HARD,United States Grand Prix,36.0,55.0,20,101.3385
2024_20_Mexico_City_Grand_Prix,ALO,1.0,MEDIUM,Mexico City Grand Prix,1.0,15.0,15,101.74926666666667
2024_20_Mexico_City_Grand_Prix,BOT,1.0,HARD,Mexico City Grand Prix,1.0,49.0,49,89.06702040816326
2024_20_Mexico_City_Grand_Prix,BOT,2.0,MEDIUM,Mexico City Grand Prix,50.0,70.0,21,82.55919047619048
2024_20_Mexico_City_Grand_Prix,COL,1.0,HARD,Mexico City Grand Prix,1.0,47.0,47,89.16174468085106
2024_20_Mexico_City_Grand_Prix,COL,2.0,MEDIUM,Mexico City Grand Prix,48.0,70.0,23,82.29108695652174
2024_20_Mexico_City_Grand_Prix,GAS,1.0,MEDIUM,Mexico City Grand Prix,1.0,28.0,28,93.00646428571429
2024_20_Mexico_City_Grand_Prix,GAS,2.0,HARD,Mexico City Grand Prix,29.0,70.0,42,82.62395238095239
2024_20_Mexico_City_Grand_Prix,HAM,1.0,MEDIUM,Mexico City Grand Prix,1.0,28.0,28,92.5405
2024_20_Mexico_City_Grand_Prix,HAM,2.0,HARD,Mexico City Grand Prix,29.0,71.0,43,81.61502325581395
2024_20_Mexico_City_Grand_Prix,HUL,1.0,MEDIUM,Mexico City Grand Prix,1.0,29.0,29,92.5521724137931
2024_20_Mexico_City_Grand_Prix,HUL,2.0,HARD,Mexico City Grand Prix,30.0,70.0,41,82.30504878048781
2024_20_Mexico_City_Grand_Prix,LAW,1.0,HARD,Mexico City Grand Prix,1.0,39.0,39,90.34192307692308
2024_20_Mexico_City_Grand_Prix,LAW,2.0,MEDIUM,Mexico City Grand Prix,40.0,65.0,26,83.08057692307692
2024_20_Mexico_City_Grand_Prix,LAW,3.0,SOFT,Mexico City Grand Prix,66.0,70.0,5,87.3672
2024_20_Mexico_City_Grand_Prix,LEC,1.0,MEDIUM,Mexico City Grand Prix,1.0,31.0,31,90.9271935483871
2024_20_Mexico_City_Grand_Prix,LEC,2.0,HARD,Mexico City Grand Prix,32.0,69.0,38,81.42015789473685
2024_20_Mexico_City_Grand_Prix,LEC,3.0,SOFT,Mexico City Grand Prix,70.0,71.0,2,88.739
2024_20_Mexico_City_Grand_Prix,MAG,1.0,MEDIUM,Mexico City Grand Prix,1.0,30.0,30,92.15876666666666
2024_20_Mexico_City_Grand_Prix,MAG,2.0,HARD,Mexico City Grand Prix,31.0,71.0,41,81.82143902439024
2024_20_Mexico_City_Grand_Prix,NOR,1.0,MEDIUM,Mexico City Grand Prix,1.0,30.0,30,91.44013333333334
2024_20_Mexico_City_Grand_Prix,NOR,2.0,HARD,Mexico City Grand Prix,31.0,71.0,41,80.90978048780488
2024_20_Mexico_City_Grand_Prix,OCO,1.0,HARD,Mexico City Grand Prix,1.0,48.0,48,89.31685416666666
2024_20_Mexico_City_Grand_Prix,OCO,2.0,MEDIUM,Mexico City Grand Prix,49.0,70.0,22,82.19336363636363
2024_20_Mexico_City_Grand_Prix,PER,1.0,HARD,Mexico City Grand Prix,1.0,20.0,20,97.15985
2024_20_Mexico_City_Grand_Prix,PER,2.0,MEDIUM,Mexico City Grand Prix,21.0,43.0,23,84.29539130434783
2024_20_Mexico_City_Grand_Prix,PER,3.0,MEDIUM,Mexico City Grand Prix,44.0,68.0,25,82.70667999999999
2024_20_Mexico_City_Grand_Prix,PER,4.0,SOFT,Mexico City Grand Prix,69.0,70.0,2,89.713
2024_20_Mexico_City_Grand_Prix,PIA,1.0,MEDIUM,Mexico City Grand Prix,1.0,39.0,39,90.19648717948718
2024_20_Mexico_City_Grand_Prix,PIA,2.0,HARD,Mexico City Grand Prix,40.0,71.0,32,81.34578125
2024_20_Mexico_City_Grand_Prix,RUS,1.0,MEDIUM,Mexico City Grand Prix,1.0,31.0,31,91.37480645161291
2024_20_Mexico_City_Grand_Prix,RUS,2.0,HARD,Mexico City Grand Prix,32.0,71.0,40,81.792925
2024_20_Mexico_City_Grand_Prix,SAI,1.0,MEDIUM,Mexico City Grand Prix,1.0,32.0,32,90.3661875
2024_20_Mexico_City_Grand_Prix,SAI,2.0,HARD,Mexico City Grand Prix,33.0,71.0,39,81.1303076923077
2024_20_Mexico_City_Grand_Prix,STR,1.0,MEDIUM,Mexico City Grand Prix,1.0,26.0,26,94.04584615384616
2024_20_Mexico_City_Grand_Prix,STR,2.0,HARD,Mexico City Grand Prix,27.0,70.0,44,82.6290909090909
2024_20_Mexico_City_Grand_Prix,VER,1.0,MEDIUM,Mexico City Grand Prix,1.0,26.0,26,92.75815384615385
2024_20_Mexico_City_Grand_Prix,VER,2.0,HARD,Mexico City Grand Prix,27.0,71.0,45,82.30324444444445
2024_20_Mexico_City_Grand_Prix,ZHO,1.0,HARD,Mexico City Grand Prix,1.0,43.0,43,90.1853488372093
2024_20_Mexico_City_Grand_Prix,ZHO,2.0,MEDIUM,Mexico City Grand Prix,44.0,70.0,27,82.94637037037037
2024_21_São_Paulo_Grand_Prix,ALO,1.0,INTERMEDIATE,São Paulo Grand Prix,1.0,27.0,27,86.17437037037037
2024_21_São_Paulo_Grand_Prix,ALO,2.0,INTERMEDIATE,São Paulo Grand Prix,28.0,31.0,4,115.50874999999999
2024_21_São_Paulo_Grand_Prix,ALO,3.0,INTERMEDIATE,São Paulo Grand Prix,34.0,69.0,36,89.07102777777777
2024_21_São_Paulo_Grand_Prix,BEA,1.0,INTERMEDIATE,São Paulo Grand Prix,1.0,27.0,27,86.61059259259258
2024_21_São_Paulo_Grand_Prix,BEA,2.0,INTERMEDIATE,São Paulo Grand Prix,28.0,31.0,4,118.92075
2024_21_São_Paulo_Grand_Prix,BEA,3.0,INTERMEDIATE,São Paulo Grand Prix,34.0,69.0,36,88.16022222222222
2024_21_São_Paulo_Grand_Prix,BOT,1.0,INTERMEDIATE,São Paulo Grand Prix,1.0,31.0,31,90.61916129032258
2024_21_São_Paulo_Grand_Prix,BOT,2.0,INTERMEDIATE,São Paulo Grand Prix,34.0,69.0,36,88.59783333333333
2024_21_São_Paulo_Grand_Prix,COL,1.0,INTERMEDIATE,São Paulo Grand Prix,1.0,26.0,26,86.49896153846154
2024_21_São_Paulo_Grand_Prix,COL,2.0,INTERMEDIATE,São Paulo Grand Prix,27.0,30.0,4,114.822
2024_21_São_Paulo_Grand_Prix,GAS,1.0,INTERMEDIATE,São Paulo Grand Prix,1.0,31.0,31,89.40835483870968
2024_21_São_Paulo_Grand_Prix,GAS,2.0,INTERMEDIATE,São Paulo Grand Prix,34.0,69.0,36,87.61097222222222
2024_21_São_Paulo_Grand_Prix,HAM,1.0,INTERMEDIATE,São Paulo Grand Prix,1.0,27.0,27,86.69937037037036
2024_21_São_Paulo_Grand_Prix,HAM,2.0,INTERMEDIATE,São Paulo Grand Prix,28.0,31.0,4,113.29725
2024_21_São_Paulo_Grand_Prix,HAM,3.0,INTERMEDIATE,São Paulo Grand Prix,34.0,69.0,36,88.26802777777777
2024_21_São_Paulo_Grand_Prix,HUL,1.0,INTERMEDIATE,São Paulo Grand Prix,1.0,25.0,25,86.00515999999999
2024_21_São_Paulo_Grand_Prix,HUL,2.0,INTERMEDIATE,São Paulo Grand Prix,26.0,26.0,1,106.643
2024_21_São_Paulo_Grand_Prix,HUL,3.0,WET,São Paulo Grand Prix,29.0,29.0,1,127.542
2024_21_São_Paulo_Grand_Prix,LAW,1.0,INTERMEDIATE,São Paulo Grand Prix,1.0,28.0,28,87.18332142857142
2024_21_São_Paulo_Grand_Prix,LAW,2.0,WET,São Paulo Grand Prix,29.0,31.0,3,117.435
2024_21_São_Paulo_Grand_Prix,LAW,3.0,INTERMEDIATE,São Paulo Grand Prix,34.0,69.0,36,88.28516666666667
2024_21_São_Paulo_Grand_Prix,LEC,1.0,INTERMEDIATE,São Paulo Grand Prix,1.0,24.0,24,85.50245833333334
2024_21_São_Paulo_Grand_Prix,LEC,2.0,INTERMEDIATE,São Paulo Grand Prix,25.0,31.0,7,103.9557142857143
2024_21_São_Paulo_Grand_Prix,LEC,3.0,INTERMEDIATE,São Paulo Grand Prix,34.0,69.0,36,87.77558333333333
2024_21_São_Paulo_Grand_Prix,NOR,1.0,INTERMEDIATE,São Paulo Grand Prix,1.0,28.0,28,85.96535714285714
2024_21_São_Paulo_Grand_Prix,NOR,2.0,INTERMEDIATE,São Paulo Grand Prix,29.0,31.0,3,122.21933333333334
2024_21_São_Paulo_Grand_Prix,NOR,3.0,INTERMEDIATE,São Paulo Grand Prix,34.0,69.0,36,87.84622222222222
2024_21_São_Paulo_Grand_Prix,OCO,1.0,INTERMEDIATE,São Paulo Grand Prix,1.0,31.0,31,89.21841935483872
2024_21_São_Paulo_Grand_Prix,OCO,2.0,INTERMEDIATE,São Paulo Grand Prix,34.0,69.0,36,87.55783333333333
2024_21_São_Paulo_Grand_Prix,PER,1.0,INTERMEDIATE,São Paulo Grand Prix,1.0,27.0,27,87.0447037037037
2024_21_São_Paulo_Grand_Prix,PER,2.0,WET,São Paulo Grand Prix,28.0,31.0,4,115.45425
2024_21_São_Paulo_Grand_Prix,PER,3.0,INTERMEDIATE,São Paulo Grand Prix,34.0,69.0,36,88.23888888888888
2024_21_São_Paulo_Grand_Prix,PIA,1.0,INTERMEDIATE,São Paulo Grand Prix,1.0,27.0,27,86.04562962962963
2024_21_São_Paulo_Grand_Prix,PIA,2.0,INTERMEDIATE,São Paulo Grand Prix,28.0,31.0,4,114.84475
2024_21_São_Paulo_Grand_Prix,PIA,3.0,INTERMEDIATE,São Paulo Grand Prix,34.0,69.0,36,87.9011111111111
2024_21_São_Paulo_Grand_Prix,RUS,1.0,INTERMEDIATE,São Paulo Grand Prix,1.0,28.0,28,85.91096428571429
2024_21_São_Paulo_Grand_Prix,RUS,2.0,INTERMEDIATE,São Paulo Grand Prix,29.0,31.0,3,123.515
2024_21_São_Paulo_Grand_Prix,RUS,3.0,INTERMEDIATE,São Paulo Grand Prix,34.0,69.0,36,87.60977777777777
2024_21_São_Paulo_Grand_Prix,SAI,1.0,INTERMEDIATE,São Paulo Grand Prix,1.0,27.0,27,86.93307407407409
2024_21_São_Paulo_Grand_Prix,SAI,2.0,INTERMEDIATE,São Paulo Grand Prix,28.0,31.0,4,115.91875
2024_21_São_Paulo_Grand_Prix,SAI,3.0,INTERMEDIATE,São Paulo Grand Prix,34.0,38.0,5,90.97
2024_21_São_Paulo_Grand_Prix,TSU,1.0,INTERMEDIATE,São Paulo Grand Prix,1.0,28.0,28,86.51671428571429
2024_21_São_Paulo_Grand_Prix,TSU,2.0,WET,São Paulo Grand Prix,29.0,31.0,3,118.46933333333334
2024_21_São_Paulo_Grand_Prix,TSU,3.0,INTERMEDIATE,São Paulo Grand Prix,34.0,69.0,36,88.10622222222223
2024_21_São_Paulo_Grand_Prix,VER,1.0,INTERMEDIATE,São Paulo Grand Prix,1.0,31.0,31,89.26922580645162
2024_21_São_Paulo_Grand_Prix,VER,2.0,INTERMEDIATE,São Paulo Grand Prix,34.0,69.0,36,87.00125
2024_21_São_Paulo_Grand_Prix,ZHO,1.0,INTERMEDIATE,São Paulo Grand Prix,1.0,27.0,27,88.07166666666666
2024_21_São_Paulo_Grand_Prix,ZHO,2.0,INTERMEDIATE,São Paulo Grand Prix,28.0,28.0,1,126.376
2024_21_São_Paulo_Grand_Prix,ZHO,3.0,WET,São Paulo Grand Prix,29.0,30.0,2,132.04500000000002
2024_21_São_Paulo_Grand_Prix,ZHO,5.0,INTERMEDIATE,São Paulo Grand Prix,34.0,69.0,36,88.86330555555556
2024_22_Las_Vegas_Grand_Prix,ALB,1.0,MEDIUM,Las Vegas Grand Prix,1.0,9.0,9,102.14922222222222
2024_22_Las_Vegas_Grand_Prix,ALB,2.0,HARD,Las Vegas Grand Prix,10.0,25.0,16,100.792375
2024_22_Las_Vegas_Grand_Prix,ALO,1.0,SOFT,Las Vegas Grand Prix,1.0,4.0,4,104.67725
2024_22_Las_Vegas_Grand_Prix,ALO,2.0,HARD,Las Vegas Grand Prix,5.0,24.0,20,100.6922
2024_22_Las_Vegas_Grand_Prix,ALO,3.0,HARD,Las Vegas Grand Prix,25.0,50.0,26,98.56196153846153
2024_22_Las_Vegas_Grand_Prix,BOT,1.0,HARD,Las Vegas Grand Prix,1.0,17.0,17,102.21176470588235
2024_22_Las_Vegas_Grand_Prix,BOT,2.0,MEDIUM,Las Vegas Grand Prix,18.0,35.0,18,100.77972222222223
2024_22_Las_Vegas_Grand_Prix,BOT,3.0,HARD,Las Vegas Grand Prix,36.0,49.0,14,98.9727857142857
2024_22_Las_Vegas_Grand_Prix,COL,1.0,HARD,Las Vegas Grand Prix,1.0,16.0,16,102.0764375
2024_22_Las_Vegas_Grand_Prix,COL,2.0,MEDIUM,Las Vegas Grand Prix,17.0,26.0,10,100.4778
2024_22_Las_Vegas_Grand_Prix,COL,3.0,HARD,Las Vegas Grand Prix,27.0,50.0,24,98.46416666666666
2024_22_Las_Vegas_Grand_Prix,GAS,1.0,MEDIUM,Las Vegas Grand Prix,1.0,10.0,10,101.1854
2024_22_Las_Vegas_Grand_Prix,GAS,2.0,HARD,Las Vegas Grand Prix,11.0,15.0,5,105.02380000000001
2024_22_Las_Vegas_Grand_Prix,HAM,1.0,MEDIUM,Las Vegas Grand Prix,1.0,13.0,13,100.56115384615386
2024_22_Las_Vegas_Grand_Prix,HAM,2.0,HARD,Las Vegas Grand Prix,14.0,27.0,14,99.30078571428571
2024_22_Las_Vegas_Grand_Prix,HAM,3.0,HARD,Las Vegas Grand Prix,28.0,50.0,23,97.20765217391303
2024_22_Las_Vegas_Grand_Prix,HUL,1.0,MEDIUM,Las Vegas Grand Prix,1.0,14.0,14,101.34178571428572
2024_22_Las_Vegas_Grand_Prix,HUL,2.0,HARD,Las Vegas Grand Prix,15.0,33.0,19,99.67968421052632
2024_22_Las_Vegas_Grand_Prix,HUL,3.0,HARD,Las Vegas Grand Prix,34.0,50.0,17,98.41635294117647
2024_22_Las_Vegas_Grand_Prix,LAW,1.0,MEDIUM,Las Vegas Grand Prix,1.0,11.0,11,101.85972727272726
2024_22_Las_Vegas_Grand_Prix,LAW,2.0,HARD,Las Vegas Grand Prix,12.0,38.0,27,100.42892592592592
2024_22_Las_Vegas_Grand_Prix,LAW,3.0,HARD,Las Vegas Grand Prix,39.0,50.0,12,98.74466666666666
2024_22_Las_Vegas_Grand_Prix,LEC,1.0,MEDIUM,Las Vegas Grand Prix,1.0,9.0,9,100.80744444444446
2024_22_Las_Vegas_Grand_Prix,LEC,2.0,HARD,Las Vegas Grand Prix,10.0,31.0,22,99.1755909090909
2024_22_Las_Vegas_Grand_Prix,LEC,3.0,HARD,Las Vegas Grand Prix,32.0,50.0,19,97.42747368421053
2024_22_Las_Vegas_Grand_Prix,MAG,1.0,MEDIUM,Las Vegas Grand Prix,1.0,17.0,17,102.03017647058823
2024_22_Las_Vegas_Grand_Prix,MAG,2.0,HARD,Las Vegas Grand Prix,18.0,50.0,33,98.82603030303031
2024_22_Las_Vegas_Grand_Prix,NOR,1.0,MEDIUM,Las Vegas Grand Prix,1.0,9.0,9,100.9841111111111
2024_22_Las_Vegas_Grand_Prix,NOR,2.0,HARD,Las Vegas Grand Prix,10.0,30.0,21,99.76309523809525
2024_22_Las_Vegas_Grand_Prix,NOR,3.0,HARD,Las Vegas Grand Prix,31.0,48.0,18,97.68244444444446
2024_22_Las_Vegas_Grand_Prix,NOR,4.0,SOFT,Las Vegas Grand Prix,49.0,50.0,2,103.594
2024_22_Las_Vegas_Grand_Prix,OCO,1.0,MEDIUM,Las Vegas Grand Prix,1.0,11.0,11,101.47727272727273
2024_22_Las_Vegas_Grand_Prix,OCO,2.0,MEDIUM,Las Vegas Grand Prix,12.0,12.0,1,114.887
2024_22_Las_Vegas_Grand_Prix,OCO,3.0,HARD,Las Vegas Grand Prix,13.0,45.0,33,99.748
2024_22_Las_Vegas_Grand_Prix,OCO,4.0,SOFT,Las Vegas Grand Prix,46.0,49.0,4,101.30199999999999
2024_22_Las_Vegas_Grand_Prix,PER,1.0,HARD,Las Vegas Grand Prix,1.0,17.0,17,101.38811764705882
2024_22_Las_Vegas_Grand_Prix,PER,2.0,MEDIUM,Las Vegas Grand Prix,18.0,32.0,15,99.88886666666667
2024_22_Las_Vegas_Grand_Prix,PER,3.0,HARD,Las Vegas Grand Prix,33.0,50.0,18,98.17511111111111
2024_22_Las_Vegas_Grand_Prix,PIA,1.0,MEDIUM,Las Vegas Grand Prix,1.0,10.0,10,101.329
2024_22_Las_Vegas_Grand_Prix,PIA,2.0,HARD,Las Vegas Grand Prix,11.0,25.0,15,100.51966666666667
2024_22_Las_Vegas_Grand_Prix,PIA,3.0,HARD,Las Vegas Grand Prix,26.0,50.0,25,98.24995999999999
2024_22_Las_Vegas_Grand_Prix,RUS,1.0,MEDIUM,Las Vegas Grand Prix,1.0,12.0,12,99.40966666666667
2024_22_Las_Vegas_Grand_Prix,RUS,2.0,HARD,Las Vegas Grand Prix,13.0,32.0,20,98.8455
2024_22_Las_Vegas_Grand_Prix,RUS,3.0,HARD,Las Vegas Grand Prix,33.0,50.0,18,97.5635
2024_22_Las_Vegas_Grand_Prix,SAI,1.0,MEDIUM,Las Vegas Grand Prix,1.0,10.0,10,100.4198
2024_22_Las_Vegas_Grand_Prix,SAI,2.0,HARD,Las Vegas Grand Prix,11.0,28.0,18,99.64755555555556
2024_22_Las_Vegas_Grand_Prix,SAI,3.0,HARD,Las Vegas Grand Prix,29.0,50.0,22,97.27368181818183
2024_22_Las_Vegas_Grand_Prix,STR,1.0,MEDIUM,Las Vegas Grand Prix,1.0,9.0,9,102.29655555555556
2024_22_Las_Vegas_Grand_Prix,STR,2.0,HARD,Las Vegas Grand Prix,10.0,28.0,19,100.96873684210526
2024_22_Las_Vegas_Grand_Prix,STR,3.0,HARD,Las Vegas Grand Prix,29.0,50.0,22,98.68163636363637
2024_22_Las_Vegas_Grand_Prix,TSU,1.0,MEDIUM,Las Vegas Grand Prix,1.0,10.0,10,101.2509
2024_22_Las_Vegas_Grand_Prix,TSU,2.0,HARD,Las Vegas Grand Prix,11.0,29.0,19,100.24063157894736
2024_22_Las_Vegas_Grand_Prix,TSU,3.0,HARD,Las Vegas Grand Prix,30.0,50.0,21,98.65219047619047
2024_22_Las_Vegas_Grand_Prix,VER,1.0,MEDIUM,Las Vegas Grand Prix,1.0,11.0,11,100.28427272727272
2024_22_Las_Vegas_Grand_Prix,VER,2.0,HARD,Las Vegas Grand Prix,12.0,27.0,16,99.4026875
2024_22_Las_Vegas_Grand_Prix,VER,3.0,HARD,Las Vegas Grand Prix,28.0,50.0,23,97.78178260869564
2024_22_Las_Vegas_Grand_Prix,ZHO,1.0,MEDIUM,Las Vegas Grand Prix,1.0,11.0,11,101.5968181818182
2024_22_Las_Vegas_Grand_Prix,ZHO,2.0,HARD,Las Vegas Grand Prix,12.0,34.0,23,100.45843478260869
2024_22_Las_Vegas_Grand_Prix,ZHO,3.0,HARD,Las Vegas Grand Prix,35.0,50.0,16,98.2465625
2024_23_Qatar_Grand_Prix,ALB,1.0,MEDIUM,Qatar Grand Prix,1.0,35.0,35,94.20671428571428
2024_23_Qatar_Grand_Prix,ALB,2.0,SOFT,Qatar Grand Prix,36.0,36.0,1,142.739
2024_23_Qatar_Grand_Prix,ALB,3.0,SOFT,Qatar Grand Prix,37.0,37.0,1,118.603
2024_23_Qatar_Grand_Prix,ALB,4.0,SOFT,Qatar Grand Prix,38.0,55.0,18,99.78733333333334
2024_23_Qatar_Grand_Prix,ALB,5.0,SOFT,Qatar Grand Prix,56.0,56.0,1,123.543
2024_23_Qatar_Grand_Prix,ALO,1.0,MEDIUM,Qatar Grand Prix,1.0,35.0,35,93.49691428571428
2024_23_Qatar_Grand_Prix,ALO,2.0,HARD,Qatar Grand Prix,36.0,36.0,1,146.362
2024_23_Qatar_Grand_Prix,ALO,3.0,MEDIUM,Qatar Grand Prix,37.0,37.0,1,135.542
2024_23_Qatar_Grand_Prix,ALO,4.0,MEDIUM,Qatar Grand Prix,38.0,57.0,20,96.5447
2024_23_Qatar_Grand_Prix,BOT,1.0,MEDIUM,Qatar Grand Prix,1.0,24.0,24,96.16441666666667
2024_23_Qatar_Grand_Prix,BOT,2.0,HARD,Qatar Grand Prix,25.0,34.0,10,90.8971
2024_23_Qatar_Grand_Prix,BOT,4.0,MEDIUM,Qatar Grand Prix,37.0,57.0,21,94.16471428571428
2024_23_Qatar_Grand_Prix,GAS,1.0,MEDIUM,Qatar Grand Prix,1.0,35.0,35,93.1974857142857
2024_23_Qatar_Grand_Prix,GAS,2.0,HARD,Qatar Grand Prix,36.0,36.0,1,142.16
2024_23_Qatar_Grand_Prix,GAS,3.0,HARD,Qatar Grand Prix,37.0,37.0,1,141.304
2024_23_Qatar_Grand_Prix,GAS,4.0,HARD,Qatar Grand Prix,38.0,57.0,20,96.83645
2024_23_Qatar_Grand_Prix,HAM,1.0,MEDIUM,Qatar Grand Prix,1.0,34.0,34,93.76126470588235
2024_23_Qatar_Grand_Prix,HAM,4.0,HARD,Qatar Grand Prix,37.0,47.0,11,101.84736363636362
2024_23_Qatar_Grand_Prix,HAM,5.0,HARD,Qatar Grand Prix,48.0,57.0,10,86.551
2024_23_Qatar_Grand_Prix,HUL,1.0,HARD,Qatar Grand Prix,1.0,1.0,1,165.271
2024_23_Qatar_Grand_Prix,HUL,2.0,HARD,Qatar Grand Prix,2.0,31.0,30,91.8145
2024_23_Qatar_Grand_Prix,HUL,3.0,MEDIUM,Qatar Grand Prix,32.0,36.0,5,104.4442
2024_23_Qatar_Grand_Prix,HUL,4.0,MEDIUM,Qatar Grand Prix,37.0,37.0,1,119.627
2024_23_Qatar_Grand_Prix,HUL,5.0,MEDIUM,Qatar Grand Prix,38.0,39.0,2,136.477
2024_23_Qatar_Grand_Prix,LAW,1.0,MEDIUM,Qatar Grand Prix,1.0,35.0,35,94.28251428571429
2024_23_Qatar_Grand_Prix,LAW,3.0,HARD,Qatar Grand Prix,37.0,37.0,1,115.739
2024_23_Qatar_Grand_Prix,LAW,4.0,HARD,Qatar Grand Prix,38.0,40.0,3,126.88233333333334
2024_23_Qatar_Grand_Prix,LAW,5.0,SOFT,Qatar Grand Prix,41.0,57.0,17,92.48641176470588
2024_23_Qatar_Grand_Prix,LEC,1.0,MEDIUM,Qatar Grand Prix,1.0,35.0,35,91.85377142857143
2024_23_Qatar_Grand_Prix,LEC,4.0,HARD,Qatar Grand Prix,38.0,57.0,20,96.5892
2024_23_Qatar_Grand_Prix,MAG,1.0,MEDIUM,Qatar Grand Prix,1.0,27.0,27,94.64429629629629
2024_23_Qatar_Grand_Prix,MAG,2.0,HARD,Qatar Grand Prix,28.0,36.0,9,96.57944444444445
2024_23_Qatar_Grand_Prix,MAG,3.0,HARD,Qatar Grand Prix,37.0,37.0,1,130.074
2024_23_Qatar_Grand_Prix,MAG,4.0,HARD,Qatar Grand Prix,38.0,57.0,20,97.14075
2024_23_Qatar_Grand_Prix,NOR,1.0,MEDIUM,Qatar Grand Prix,1.0,35.0,34,89.6424705882353
2024_23_Qatar_Grand_Prix,NOR,4.0,HARD,Qatar Grand Prix,38.0,45.0,8,116.798125
2024_23_Qatar_Grand_Prix,NOR,5.0,HARD,Qatar Grand Prix,46.0,57.0,12,85.84175
2024_23_Qatar_Grand_Prix,PER,1.0,MEDIUM,Qatar Grand Prix,1.0,35.0,35,92.6052
2024_23_Qatar_Grand_Prix,PER,2.0,HARD,Qatar Grand Prix,36.0,36.0,1,143.642
2024_23_Qatar_Grand_Prix,PER,4.0,HARD,Qatar Grand Prix,38.0,38.0,1,147.063
2024_23_Qatar_Grand_Prix,PIA,1.0,MEDIUM,Qatar Grand Prix,1.0,34.0,34,91.74888235294118
2024_23_Qatar_Grand_Prix,PIA,2.0,HARD,Qatar Grand Prix,35.0,36.0,2,127.88199999999999
2024_23_Qatar_Grand_Prix,PIA,4.0,HARD,Qatar Grand Prix,38.0,57.0,20,96.5688
2024_23_Qatar_Grand_Prix,RUS,1.0,MEDIUM,Qatar Grand Prix,1.0,23.0,23,94.98008695652173
2024_23_Qatar_Grand_Prix,RUS,2.0,HARD,Qatar Grand Prix,24.0,35.0,12,90.54
2024_23_Qatar_Grand_Prix,RUS,3.0,HARD,Qatar Grand Prix,36.0,36.0,1,142.188
2024_23_Qatar_Grand_Prix,RUS,4.0,HARD,Qatar Grand Prix,37.0,37.0,1,134.784
2024_23_Qatar_Grand_Prix,RUS,5.0,HARD,Qatar Grand Prix,38.0,57.0,20,96.32165
2024_23_Qatar_Grand_Prix,SAI,1.0,MEDIUM,Qatar Grand Prix,1.0,34.0,34,92.47270588235294
2024_23_Qatar_Grand_Prix,SAI,2.0,HARD,Qatar Grand Prix,35.0,36.0,2,135.8365
2024_23_Qatar_Grand_Prix,SAI,3.0,HARD,Qatar Grand Prix,37.0,37.0,1,133.402
2024_23_Qatar_Grand_Prix,SAI,4.0,HARD,Qatar Grand Prix,38.0,57.0,20,96.68260000000001
2024_23_Qatar_Grand_Prix,STR,1.0,MEDIUM,Qatar Grand Prix,1.0,1.0,1,136.793
2024_23_Qatar_Grand_Prix,STR,2.0,HARD,Qatar Grand Prix,2.0,7.0,6,115.65116666666665
2024_23_Qatar_Grand_Prix,STR,3.0,HARD,Qatar Grand Prix,8.0,8.0,1,140.862
2024_23_Qatar_Grand_Prix,TSU,1.0,MEDIUM,Qatar Grand Prix,1.0,35.0,35,94.14437142857143
2024_23_Qatar_Grand_Prix,TSU,2.0,HARD,Qatar Grand Prix,36.0,36.0,1,143.242
2024_23_Qatar_Grand_Prix,TSU,3.0,HARD,Qatar Grand Prix,37.0,37.0,1,118.996
2024_23_Qatar_Grand_Prix,TSU,4.0,HARD,Qatar Grand Prix,38.0,40.0,3,131.92333333333335
2024_23_Qatar_Grand_Prix,TSU,5.0,SOFT,Qatar Grand Prix,41.0,57.0,17,92.55070588235294
2024_23_Qatar_Grand_Prix,VER,1.0,MEDIUM,Qatar Grand Prix,1.0,35.0,34,89.46726470588236
2024_23_Qatar_Grand_Prix,VER,4.0,HARD,Qatar Grand Prix,39.0,57.0,19,93.7611052631579
2024_23_Qatar_Grand_Prix,ZHO,1.0,MEDIUM,Qatar Grand Prix,1.0,35.0,35,93.56188571428572
2024_23_Qatar_Grand_Prix,ZHO,2.0,HARD,Qatar Grand Prix,36.0,36.0,1,146.39
2024_23_Qatar_Grand_Prix,ZHO,3.0,HARD,Qatar Grand Prix,37.0,37.0,1,129.664
2024_23_Qatar_Grand_Prix,ZHO,4.0,HARD,Qatar Grand Prix,38.0,57.0,20,96.99815
2024_24_Abu_Dhabi_Grand_Prix,ALB,1.0,MEDIUM,Abu Dhabi Grand Prix,1.0,12.0,12,94.46658333333333
2024_24_Abu_Dhabi_Grand_Prix,ALB,2.0,HARD,Abu Dhabi Grand Prix,13.0,57.0,45,90.4654
2024_24_Abu_Dhabi_Grand_Prix,ALO,1.0,MEDIUM,Abu Dhabi Grand Prix,1.0,13.0,13,93.51323076923077
2024_24_Abu_Dhabi_Grand_Prix,ALO,2.0,HARD,Abu Dhabi Grand Prix,14.0,37.0,24,90.88333333333333
2024_24_Abu_Dhabi_Grand_Prix,ALO,3.0,HARD,Abu Dhabi Grand Prix,38.0,58.0,21,89.4662857142857
2024_24_Abu_Dhabi_Grand_Prix,BOT,1.0,MEDIUM,Abu Dhabi Grand Prix,1.0,6.0,6,98.27233333333334
2024_24_Abu_Dhabi_Grand_Prix,BOT,2.0,HARD,Abu Dhabi Grand Prix,7.0,30.0,24,94.06858333333334
2024_24_Abu_Dhabi_Grand_Prix,COL,1.0,MEDIUM,Abu Dhabi Grand Prix,1.0,3.0,3,118.41466666666668
2024_24_Abu_Dhabi_Grand_Prix,COL,2.0,HARD,Abu Dhabi Grand Prix,4.0,26.0,23,91.96460869565217
2024_24_Abu_Dhabi_Grand_Prix,DOO,1.0,MEDIUM,Abu Dhabi Grand Prix,1.0,22.0,22,93.11372727272727
2024_24_Abu_Dhabi_Grand_Prix,DOO,2.0,HARD,Abu Dhabi Grand Prix,23.0,57.0,35,90.60982857142858
2024_24_Abu_Dhabi_Grand_Prix,GAS,1.0,MEDIUM,Abu Dhabi Grand Prix,1.0,14.0,14,92.679
2024_24_Abu_Dhabi_Grand_Prix,GAS,2.0,HARD,Abu Dhabi Grand Prix,15.0,58.0,44,90.1896590909091
2024_24_Abu_Dhabi_Grand_Prix,HAM,1.0,HARD,Abu Dhabi Grand Prix,1.0,34.0,34,91.29308823529412
2024_24_Abu_Dhabi_Grand_Prix,HAM,2.0,MEDIUM,Abu Dhabi Grand Prix,35.0,58.0,24,88.57537500000001
2024_24_Abu_Dhabi_Grand_Prix,HUL,1.0,MEDIUM,Abu Dhabi Grand Prix,1.0,13.0,13,93.2236923076923
2024_24_Abu_Dhabi_Grand_Prix,HUL,2.0,HARD,Abu Dhabi Grand Prix,14.0,58.0,45,90.15415555555555
2024_24_Abu_Dhabi_Grand_Prix,LAW,1.0,MEDIUM,Abu Dhabi Grand Prix,1.0,23.0,23,92.63804347826088
2024_24_Abu_Dhabi_Grand_Prix,LAW,2.0,HARD,Abu Dhabi Grand Prix,24.0,24.0,1,116.467
2024_24_Abu_Dhabi_Grand_Prix,LAW,3.0,HARD,Abu Dhabi Grand Prix,25.0,29.0,5,94.3374
2024_24_Abu_Dhabi_Grand_Prix,LAW,4.0,HARD,Abu Dhabi Grand Prix,30.0,55.0,26,90.69692307692307
2024_24_Abu_Dhabi_Grand_Prix,LEC,1.0,MEDIUM,Abu Dhabi Grand Prix,1.0,20.0,20,91.94405
2024_24_Abu_Dhabi_Grand_Prix,LEC,2.0,HARD,Abu Dhabi Grand Prix,21.0,58.0,38,89.11415789473685
2024_24_Abu_Dhabi_Grand_Prix,MAG,1.0,MEDIUM,Abu Dhabi Grand Prix,1.0,12.0,12,93.8325
2024_24_Abu_Dhabi_Grand_Prix,MAG,2.0,HARD,Abu Dhabi Grand Prix,13.0,29.0,17,91.70552941176472
2024_24_Abu_Dhabi_Grand_Prix,MAG,3.0,HARD,Abu Dhabi Grand Prix,30.0,30.0,1,121.98
2024_24_Abu_Dhabi_Grand_Prix,MAG,4.0,SOFT,Abu Dhabi Grand Prix,31.0,55.0,25,90.61172
2024_24_Abu_Dhabi_Grand_Prix,MAG,5.0,SOFT,Abu Dhabi Grand Prix,56.0,57.0,2,99.3155
2024_24_Abu_Dhabi_Grand_Prix,NOR,1.0,MEDIUM,Abu Dhabi Grand Prix,1.0,26.0,26,90.5896923076923
2024_24_Abu_Dhabi_Grand_Prix,NOR,2.0,HARD,Abu Dhabi Grand Prix,27.0,58.0,32,88.68621875
2024_24_Abu_Dhabi_Grand_Prix,PIA,1.0,MEDIUM,Abu Dhabi Grand Prix,1.0,4.0,4,103.1835
2024_24_Abu_Dhabi_Grand_Prix,PIA,2.0,HARD,Abu Dhabi Grand Prix,5.0,32.0,28,90.55785714285715
2024_24_Abu_Dhabi_Grand_Prix,PIA,3.0,HARD,Abu Dhabi Grand Prix,33.0,58.0,26,89.56761538461538
2024_24_Abu_Dhabi_Grand_Prix,RUS,1.0,MEDIUM,Abu Dhabi Grand Prix,1.0,26.0,26,91.45992307692308
2024_24_Abu_Dhabi_Grand_Prix,RUS,2.0,HARD,Abu Dhabi Grand Prix,27.0,58.0,32,89.15221875
2024_24_Abu_Dhabi_Grand_Prix,SAI,1.0,MEDIUM,Abu Dhabi Grand Prix,1.0,25.0,25,90.76816000000001
2024_24_Abu_Dhabi_Grand_Prix,SAI,2.0,HARD,Abu Dhabi Grand Prix,26.0,58.0,33,88.78542424242424
2024_24_Abu_Dhabi_Grand_Prix,STR,1.0,MEDIUM,Abu Dhabi Grand Prix,1.0,11.0,11,94.26463636363637
2024_24_Abu_Dhabi_Grand_Prix,STR,2.0,HARD,Abu Dhabi Grand Prix,12.0,32.0,21,91.31614285714285
2024_24_Abu_Dhabi_Grand_Prix,STR,3.0,HARD,Abu Dhabi Grand Prix,33.0,57.0,25,90.08856
2024_24_Abu_Dhabi_Grand_Prix,TSU,1.0,MEDIUM,Abu Dhabi Grand Prix,1.0,22.0,22,93.01872727272728
2024_24_Abu_Dhabi_Grand_Prix,TSU,2.0,HARD,Abu Dhabi Grand Prix,23.0,57.0,35,90.33191428571429
2024_24_Abu_Dhabi_Grand_Prix,VER,1.0,MEDIUM,Abu Dhabi Grand Prix,1.0,29.0,29,91.47775862068966
2024_24_Abu_Dhabi_Grand_Prix,VER,2.0,HARD,Abu Dhabi Grand Prix,30.0,58.0,29,89.32010344827586
2024_24_Abu_Dhabi_Grand_Prix,ZHO,1.0,MEDIUM,Abu Dhabi Grand Prix,1.0,12.0,12,94.35558333333334
2024_24_Abu_Dhabi_Grand_Prix,ZHO,2.0,HARD,Abu Dhabi Grand Prix,13.0,39.0,27,90.96022222222221
2024_24_Abu_Dhabi_Grand_Prix,ZHO,3.0,HARD,Abu Dhabi Grand Prix,40.0,57.0,18,90.13344444444445
